"acc","cytotoxicity","panC_group","nheA","nheB","nheC","hblC","hblD","hblA","hblB","cytK1","cytK2","num_contigs","N50","N90"
"PS00009",0.041262477,"Group_II",1,1,1,2,2,1,1,0,0,63,188683,59800
"PS00012",0.713760974,"Group_II",1,1,1,1,1,1,1,0,0,1,5468285,5468285
"PS00023",1.102429602,"Group_IV",1,1,1,1,1,1,1,0,1,3,5416526,5416526
"PS00036",0.430128096,"Group_III",1,1,1,0,0,0,0,0,0,94,168242,39720
"PS00039",1.1213878,"Group_IV",1,1,1,1,1,1,1,0,1,54,217832,87484
"PS00040",0.767883016,"Group_IV",1,1,1,1,1,1,1,0,1,116,129886,25409
"PS00042",0.024348943,"Group_IV",1,1,1,1,1,1,1,0,1,605,27708,3471
"PS00044",0.158324752,"Group_VI",1,1,1,1,1,1,1,0,0,112,129913,26365
"PS00045",-0.086731688,"Group_VIII",1,1,1,1,1,1,1,0,0,126,131211,23740
"PS00046",0.757760201,"Group_III",1,1,1,0,0,0,0,0,1,74,135274,41306
"PS00047",0.776611318,"Group_II",1,1,1,0,0,0,0,0,1,63,207933,58290
"PS00048",-0.0550656119999999,"Group_II",1,1,1,1,1,1,1,0,0,110,105885,29732
"PS00049",-0.115067403,"Group_VIII",1,1,1,1,1,1,1,0,0,78,148012,47202
"PS00050",0.0885116929999999,"Group_II",1,1,1,0,0,0,0,0,0,84,111820,37493
"PS00051",0.999667104,"Group_III",1,1,1,0,0,0,0,0,1,80,148228,48885
"PS00052",0.274077465,"Group_II",1,1,1,0,0,0,0,0,0,113,100856,28915
"PS00077",0.324384863464708,"Group_clarus",1,1,1,1,1,1,1,0,0,316,46486,9691
"PS00078",0.458185938,"Group_VI",1,1,1,2,2,1,1,0,0,208,101963,12341
"PS00079",0.470574789,"Group_V",1,1,1,1,1,1,1,0,0,3,4940474,4940474
"PS00081",0.442190299,"Group_VI",1,1,1,1,1,0,0,0,0,69,211672,60241
"PS00082",0.333001859,"Group_II",1,1,1,0,0,0,0,0,1,334,42911,8756
"PS00083",0.224600242,"Group_II",1,1,1,0,0,0,0,0,0,42,444626,99211
"PS00084",-0.0602526649999999,"Group_II",1,1,1,2,2,1,1,0,0,70,202886,48377
"PS00085",0.250959033,"Group_VI",1,1,1,1,1,1,1,0,0,385,38411,6328
"PS00086",0.098850307,"Group_IV",1,1,1,1,1,1,1,0,1,617,23326,4959
"PS00087",0.25569234,"Group_IV",1,1,1,0,0,0,0,0,1,363,33104,7960
"PS00088",0.115296575,"Group_II",1,1,1,2,2,1,1,0,0,56,186101,77182
"PS00090",0.794421418,"Group_IV",1,1,1,1,1,1,1,0,1,428,34578,5507
"PS00091",0.455959844,"Group_V",1,1,1,2,2,1,1,0,0,62,199493,77105
"PS00092",0.217407373,"Group_VI",1,1,1,1,1,1,1,0,0,175,115970,14970
"PS00094",0.233756676,"Group_V",1,1,1,2,2,1,1,0,0,65,318470,58410
"PS00095",0.381629886,"Group_VI",1,1,1,2,2,1,1,0,0,593,23806,4014
"PS00096",0.425508986,"Group_II",1,1,1,1,1,0,0,0,0,54,211479,64169
"PS00097",0.378748274,"Group_VI",1,1,1,2,2,1,1,0,0,99,169047,29167
"PS00100",0.27611571,"Group_IV",1,1,1,1,1,1,1,0,1,569,24948,4908
"PS00101",0.115430572,"Group_VI",1,1,1,2,2,1,1,0,0,238,60434,11116
"PS00103",0.243082246,"Group_V",1,1,1,2,2,1,1,0,0,321,61852,7794
"PS00104",0.24013647,"Group_II",1,1,1,2,2,1,1,0,0,62,171892,56398
"PS00105",0.2360368,"Group_VI",1,1,1,1,1,0,0,0,0,65,180864,52551
"PS00106",-0.0924806730000001,"Group_VI",1,1,1,2,2,1,1,0,0,51,522545,103473
"PS00107",1.078479895,"Group_IV",1,1,1,1,1,1,1,0,1,1,6260142,6260142
"PS00108",0.172171454,"Group_II",1,1,1,2,2,1,1,0,0,131,127433,20701
"PS00110",0.184739332,"Group_VI",1,1,1,2,2,1,1,0,0,248,61299,11487
"PS00111",-0.078977063,"Group_VI",1,1,1,1,1,1,1,0,0,532,28192,4585
"PS00112",0.363003793,"Group_VI",1,1,1,1,1,0,0,0,0,167,100399,21586
"PS00113",1.272846331,"Group_II",1,1,1,2,2,2,1,0,1,44,339229,93325
"PS00114",0.885430569,"Group_IV",1,1,1,1,0,1,1,0,1,314,46772,7904
"PS00115",0.318119261,"Group_VI",1,1,1,2,2,1,1,0,0,694,23508,3132
"PS00116",0.461305702,"Group_III",1,1,1,0,0,0,0,0,1,105,181198,33617
"PS00117",0.336287562,"Group_III",1,1,1,0,0,0,0,0,0,84,191344,34891
"PS00118",1.080663094,"Group_II",1,1,1,2,2,1,1,0,1,53,218202,84134
"PS00119",0.337251433,"Group_VI",1,1,1,1,1,0,0,0,0,166,116909,16148
"PS00120",0.088182714,"Group_VI",1,1,1,2,2,1,1,0,0,113,251517,32635
"PS00121",0.52633327,"Group_IV",1,1,1,1,0,1,1,0,1,184,67194,15531
"PS00122",0.420462397,"Group_IV",1,1,1,1,1,1,1,0,1,75,188803,48445
"PS00123",0.965998828,"Group_I",0,0,1,1,2,2,2,0,0,565,24211,3910
"PS00124",0.232211909,"Group_VI",1,1,1,1,1,1,1,0,0,352,40889,5854
"PS00125",1.033120307,"Group_I",1,1,1,2,2,0,2,0,0,136,159211,23327
"PS00126",0.978896428,"Group_I",0,0,1,1,2,2,2,0,0,387,36625,5887
"PS00127",0.729222568,"Group_III",1,1,1,0,0,0,0,0,0,229,60897,10940
"PS00129",0.431340767,"Group_III",1,1,1,0,0,0,0,0,1,98,150027,32762
"PS00130",0.123020054,"Group_II",1,1,1,2,2,1,1,0,1,53,238022,84564
"PS00131",0.741801597,"Group_IV",1,1,1,2,2,1,1,0,1,58,229275,72427
"PS00132",0.257407724,"Group_IV",1,1,1,1,1,1,1,0,1,64,281738,58608
"PS00133",0.649678769,"Group_II",1,1,1,1,1,0,0,0,1,51,214008,84585
"PS00134",1.02481909,"Group_I",0,0,1,1,2,2,2,0,0,147,114498,22109
"PS00135",1.04097213,"Group_I",1,1,1,0,0,1,2,0,0,1,5782514,5782514
"PS00136",0.979836833,"Group_I",1,1,1,2,2,0,2,0,0,265,61887,10295
"PS00138",0.594056953,"Group_II",1,1,1,0,0,0,0,0,1,79,197585,39677
"PS00141",0.280023555,"Group_IV",1,1,1,1,1,1,1,0,0,165,144615,21163
"PS00142",0.254665386,"Group_VI",1,1,1,1,1,1,1,0,0,373,41380,6451
"PS00143",0.981863365,"Group_IV",1,1,1,1,1,1,1,0,1,107,210751,21375
"PS00144",0.513511381,"Group_IV",1,1,1,1,1,1,1,0,1,67,280933,69673
"PS00145",0.289281928,"Group_VI",1,1,1,1,1,1,1,0,0,110,142709,18765
"PS00147",0.130402778,"Group_VI",1,1,1,1,1,1,1,0,0,519,30323,5047
"PS00149",0.28678444,"Group_VI",1,1,1,1,1,1,1,0,0,157,167628,15446
"PS00150",0.696302818,"Group_II",1,1,1,2,2,1,1,0,1,68,164684,58489
"PS00151",0.040775687,"Group_VI",1,1,1,2,2,1,1,0,0,523,27756,4495
"PS00152",0.249200726,"Group_IV",1,1,1,1,0,1,1,0,1,307,48008,7691
"PS00153",0.601741325,"Group_VI",1,1,1,2,2,1,1,0,0,118,129751,20092
"PS00154",0.420241067,"Group_II",1,1,1,2,2,1,1,0,1,60,193372,68801
"PS00156",0.268027508,"Group_II",1,1,1,2,2,1,1,0,0,78,188462,58485
"PS00157",1.040303637,"Group_III",1,1,1,0,0,0,0,0,0,107,150250,44685
"PS00159",0.561877567,"Group_VI",1,1,1,1,1,1,1,0,0,72,372629,54196
"PS00161",0.414999872,"Group_II",1,1,1,0,0,0,0,0,1,447,26639,6410
"PS00162",1.076326837,"Group_II",1,1,1,2,2,1,1,0,0,56,193430,69738
"PS00163",1.205992178,"Group_IV",1,1,1,1,1,1,1,0,1,42,458011,106998
"PS00165",0.079863766,"Group_VI",1,1,1,1,1,1,1,0,0,101,229825,31639
"PS00166",0.199938984,"Group_II",1,1,1,0,0,0,0,0,0,305,48639,7810
"PS00170",0.215105781,"Group_IV",1,1,1,1,1,1,1,0,1,123,164600,29859
"PS00174",0.947309616,"Group_II",1,1,1,2,2,1,1,0,0,68,148463,52955
"PS00185",0.796299125,"Group_IV",1,1,1,1,0,1,1,0,1,183,80128,14030
"PS00189",1.133118419,"Group_IV",1,1,1,1,1,1,1,0,1,449,33978,5706
"PS00190",-0.117621544,"Group_VI",1,1,1,1,1,0,0,0,0,63,265574,42535
"PS00191",0.467404978,"Group_IV",1,1,1,1,0,1,1,0,1,170,85095,15749
"PS00193",0.000250113999999968,"Group_II",1,1,1,1,1,1,1,0,1,193,83031,14930
"PS00194",1.019894515,"Group_VII",1,1,1,0,0,0,0,1,0,2,4082665,4082665
"PS00196",0.756668148,"Group_IV",1,1,1,1,1,1,1,0,1,333,55439,7479
"PS00197",0.612109671,"Group_IV",1,1,1,1,0,1,1,0,1,280,56159,8338
"PS00207",0.578061517,"Group_VI",1,1,1,1,1,1,1,0,0,73,154388,45175
"PS00208",0.928644283,"Group_IV",1,1,1,1,1,1,1,0,1,41,591400,89680
"PS00215",0.101369831,"Group_VI",1,1,1,2,2,2,1,0,0,1,5674808,5674808
"PS00219",0.30654602,"Group_III",1,1,1,0,0,0,0,0,1,1283,8344,1644
"PS00220",0.823156484,"Group_VI",1,1,1,1,1,0,0,0,0,65,214749,58649
"PS00397",0.129127638,"Group_III",1,1,1,0,0,0,0,0,0,175,84835,21333
"PS00398",0.64920062,"Group_III",1,1,1,0,0,0,0,0,1,1268,8537,1620
"PS00399",0.339836213,"Group_VII",1,1,1,0,0,0,0,1,0,57,170779,48601
"PS00400",0.447210552,"Group_III",1,1,1,0,0,0,0,0,0,101,179247,45918
"PS00401",0.330328777,"Group_III",1,1,1,0,0,0,0,0,0,102,183318,45918
"PS00409",0.995777418,"Group_IV",1,1,1,3,2,1,1,0,1,2359,4588,1078
"PS00410",1.232354223,"Group_IV",1,1,1,3,3,1,1,0,1,284,93634,13374
"PS00411",1.135348529,"Group_IV",1,1,1,3,3,1,1,0,1,338,93634,11573
"PS00412",1.320120988,"Group_IV",1,1,1,3,3,1,1,0,1,299,70562,11643
"PS00413",1.10996289,"Group_IV",1,1,1,2,2,1,1,0,0,1044,12525,2248
"PS00414",0.234440937,"Group_II",1,1,1,2,2,1,1,0,0,725,22885,3231
"PS00415",0.871082687,"Group_IV",1,1,1,1,1,0,1,0,1,1607,7145,1398
"PS00416",0.351959271,"Group_II",1,1,1,2,2,1,1,0,0,350,51206,6837
"PS00417",0.601913225,"Group_II",1,1,1,2,2,1,1,0,0,52,429963,72312
"PS00418",0.587256679,"Group_V",1,1,1,1,1,1,1,0,0,118,174133,25395
"PS00420",0.578094384,"Group_II",1,1,1,2,2,1,1,0,0,129,131262,22174
"PS00422",0.96509568,"Group_IV",1,1,1,1,1,1,1,0,1,944,14483,2373
"PS00423",0.58849963,"Group_II",1,1,1,0,1,1,1,0,1,2494,3329,918
"PS00424",0.887152902,"Group_IV",1,1,1,3,3,1,1,0,1,235,69432,14905
"PS00425",0.797508769,"Group_IV",1,1,1,1,1,1,1,0,1,818,14240,2733
"PS00426",0.529320422,"Group_II",1,1,1,2,2,1,1,0,0,1082,12791,2013
"PS00427",0.418467555,"Group_IV",1,1,1,2,3,1,1,0,1,1341,11246,1802
"PS00429",1.108711837,"Group_IV",1,1,1,1,1,1,1,0,1,1788,5758,1260
"PS00430",0.738017843,"Group_II",1,1,1,1,1,1,1,0,1,109,140777,30710
"PS00431",1.144059711,"Group_IV",1,1,1,1,1,1,1,0,1,50,395158,88641
"PS00433",1.004747294,"Group_IV",1,1,1,1,1,0,0,0,1,3260,2304,791
"PS00434",0.075457592,"Group_IV",1,1,1,1,1,1,1,0,1,1240,17843,1947
"PS00435",0.675623338,"Group_III",1,1,1,0,0,0,0,0,0,96,205911,39228
"PS00436",0.379172046,"Group_III",1,1,1,0,0,0,0,0,0,1703,6251,1312
"PS00438",0.692074109,"Group_III",1,1,1,0,0,0,0,0,1,44,511337,94149
"PS00439",0.0655478269999999,"Group_III",0,1,0,0,0,0,0,0,0,2016,4632,1060
"PS00440",0.353019981,"Group_III",1,1,1,0,0,0,0,0,0,2053,3776,998
"PS00441",0.512721051,"Group_III",1,1,1,0,0,0,0,0,0,166,103917,19067
"PS00442",0.797188552,"Group_III",1,1,1,0,0,0,0,0,1,1044,12358,1892
"PS00443",0.571418351,"Group_III",1,1,1,0,0,0,0,0,0,102,298391,40374
"PS00444",1.08135718,"Group_IV",1,1,1,2,2,1,1,0,1,86,217463,45472
"PS00445",0.935771762,"Group_III",1,1,1,0,0,0,0,0,1,1457,7266,1500
"PS00446",0.192847538,"Group_III",1,1,1,0,0,0,0,0,1,246,66407,11394
"PS00447",0.180092542,"Group_V",1,1,1,0,0,0,0,0,0,79,151354,37915
"PS00451",0.030151821,"Group_IV",1,1,1,1,1,1,1,0,1,1041,12471,2517
"PS00452",0.799835305,"Group_II",1,1,1,1,1,1,1,0,1,160,91881,16256
"PS00453",0.56503068,"Group_III",1,1,1,0,0,0,0,0,1,548,26349,4034
"PS00455",0.286362775,"Group_II",1,1,1,1,1,0,0,0,0,120,101600,23227
"PS00457",0.277336842,"Group_II",1,1,1,0,0,0,0,0,1,79,236038,45877
"PS00459",1.22297016,"Group_IV",1,1,1,2,2,1,1,0,1,840,15482,2630
"PS00462",0.850807847,"Group_IV",1,1,1,1,1,1,1,0,1,135,116089,23163
"PS00463",0.295517325,"Group_III",1,1,1,0,0,0,0,0,0,32,1117055,261048
"PS00466",0.183428642,"Group_VI",1,1,1,1,1,1,1,0,0,1104,9390,1706
"PS00467",0.539134034,"Group_III",1,1,1,0,0,0,0,0,0,991,11089,2298
"PS00468",-0.031470576,"Group_II",1,1,1,1,1,0,0,0,0,178,87285,14522
"PS00469",0.208928912,"Group_III",1,1,1,0,0,0,0,0,0,143,90690,31448
"PS00470",0.307196213,"Group_III",1,1,1,0,0,0,0,0,0,800,15939,2705
"PS00471",0.177712141,"Group_II",1,1,1,0,0,0,0,0,0,712,21064,3315
"PS00473",0.366883572,"Group_VII",1,1,1,0,0,0,0,1,0,95,94670,32425
"PS00474",0.825422513,"Group_III",1,1,1,0,0,0,0,0,1,539,80384,15407
"PS00477",0.280329967,"Group_VII",1,1,1,0,0,0,0,1,0,359,25436,5372
"PS00481",0.343181908,"Group_VI",1,1,1,1,1,1,1,0,0,530,34810,4118
"PS00482",0.0658976060000001,"Group_VI",1,1,1,1,1,1,1,0,0,224,61198,10643
"PS00483",0.28738809,"Group_II",1,1,1,2,2,1,1,0,0,777,20274,2969
"PS00485",0.154833903,"Group_III",1,1,1,0,0,0,0,0,1,223,66667,10386
"PS00487",0.524977723,"Group_III",1,1,1,0,0,0,0,0,0,348,47044,8390
"PS00489",0.454534537,"Group_VIII",1,1,1,1,1,1,1,0,0,130,158197,24896
"PS00491",0.235493338,"Group_V",1,1,1,1,2,1,1,0,0,939,15441,2391
"PS00492",0.495492851,"Group_VIII",1,1,1,1,1,1,1,0,0,416,35230,6576
"PS00493",1.031100526,"Group_IV",1,1,1,1,1,1,1,0,1,698,17376,3136
"PS00494",0.374077817,"Group_III",1,1,1,0,0,0,0,0,0,281,56750,11360
"PS00500",0.557514153,"Group_III",1,1,1,0,0,0,0,0,0,57,277211,102098
"PS00503",0.044206172,"Group_III",1,1,1,0,0,0,0,0,1,1964,4404,1116
"PS00504",0.653969166,"Group_V",1,1,1,1,1,1,1,0,1,675,26067,3873
"PS00505",0.452796812,"Group_II",1,1,1,2,2,1,1,0,0,197,64531,14909
"PS00506",0.364955889,"Group_II",1,1,1,2,2,1,1,0,0,1084,11989,2100
"PS00511",0.918000856,"Group_IV",1,1,1,3,3,1,1,0,1,406,35572,7630
"PS00512",0.030088601,"Group_IV",1,1,1,1,1,1,1,0,1,104,188782,47320
"PS00513",0.715210494,"Group_III",1,1,1,0,0,0,0,0,1,435,36888,5262
"PS00514",0.186392948,"Group_II",1,1,1,0,0,0,0,0,0,711,19085,3157
"PS00515",0.563904507,"Group_II",1,1,1,0,0,0,0,0,0,568,25084,4141
"PS00516",0.564298016,"Group_V",1,1,1,1,1,1,1,0,0,234,72454,11269
"PS00517",0.574923853,"Group_II",1,1,1,0,0,0,0,0,1,1563,6480,1306
"PS00518",0.234342106,"Group_II",1,1,1,0,0,0,0,0,1,1142,10034,1825
"PS00520",0.37025741,"Group_III",1,1,1,0,0,0,0,0,0,1010,11632,2125
"PS00524",0.274896845,"Group_III",1,1,1,0,0,0,0,0,1,1747,5066,1127
"PS00525",0.384491928,"Group_III",1,1,1,0,0,0,0,0,1,704,16533,3132
"PS00526",0.487624337,"Group_IV",1,1,1,1,1,1,1,0,1,336,52210,7392
"PS00527",0.250423313,"Group_III",1,1,1,0,0,0,0,0,0,1094,11778,1962
"PS00528",0.683291915,"Group_III",1,1,1,0,0,0,0,0,1,225,61149,12521
"PS00529",0.703856724,"Group_III",1,1,1,1,1,1,1,0,0,406,37521,5784
"PS00530",0.543252113,"Group_III",1,1,1,0,0,0,0,0,1,55,265849,73041
"PS00532",0.478225052,"Group_III",1,1,1,1,1,1,1,0,0,405,36276,5805
"PS00534",0.375863707,"Group_III",1,1,1,0,0,0,0,0,1,1250,9198,1817
"PS00535",-0.0591336689999999,"Group_VII",1,1,1,0,0,0,0,1,0,636,12415,2777
"PS00536",0.734244501,"Group_VII",1,1,1,0,0,0,0,1,0,50,241466,61628
"PS00537",0.127692953,"Group_VII",1,1,1,0,0,0,0,1,0,292,29824,7240
"PS00538",0.290609559,"Group_III",1,1,1,1,1,1,1,0,0,463,32366,4721
"PS00539",-0.352816615,"Group_VII",1,1,1,0,0,0,0,1,0,317,32262,6603
"PS00540",0.512156582,"Group_VII",1,1,1,0,0,0,0,1,0,399,24435,4270
"PS00542",0.95995442,"Group_V",1,1,1,2,2,1,1,0,0,413,60447,6567
"PS00543",0.145574108,"Group_III",1,1,1,0,0,0,0,0,0,990,13985,2274
"PS00544",0.834854304,"Group_V",1,1,1,2,2,1,1,0,0,796,17812,2840
"PS00545",0.559926806,"Group_V",1,1,1,1,1,1,1,0,0,206,80461,12451
"PS00547",0.337829823,"Group_IV",1,1,1,1,1,1,1,0,1,1779,6424,1349
"PS00550",0.394594416,"Group_II",1,1,1,0,0,0,0,0,0,117,111395,27767
"PS00552",0.254174769,"Group_V",1,1,1,1,1,1,1,0,0,683,24884,3438
"PS00554",0.469759577,"Group_II",1,1,1,2,2,1,1,0,0,1196,11550,1794
"PS00555",0.86987541,"Group_IV",1,1,1,3,3,1,1,0,1,244,67841,15094
"PS00557",0.441024395,"Group_V",1,1,1,2,2,1,1,0,0,114,137658,28505
"PS00558",0.935476935,"Group_V",1,1,1,2,2,1,1,0,0,176,79293,14968
"PS00560",0.632902309,"Group_V",1,1,1,2,2,1,1,0,0,364,45593,6676
"PS00561",0.88649472,"Group_V",1,1,1,2,2,1,1,0,0,608,28894,4041
"PS00562",1.088710075,"Group_V",1,1,1,2,2,1,1,0,0,708,18375,3609
"PS00564",0.69955101,"Group_II",1,1,1,1,1,1,1,0,0,1205,11320,1861
"PS00565",0.400189738,"Group_V",1,1,1,2,2,1,1,0,0,860,14942,2620
"PS00566",-0.0507797990000001,"Group_V",1,1,1,2,2,2,1,0,0,6,5239367,5239367
"PS00567",0.70780737,"Group_V",1,1,1,2,2,1,1,0,0,354,51132,7533
"PS00569",0.819207447,"Group_IV",1,1,1,1,1,1,1,0,1,103,118721,31926
"PS00570",0.897159982,"Group_V",1,1,1,1,1,1,1,0,0,1717,6017,1220
"PS00572",0.983251986,"Group_V",1,1,1,2,2,1,1,0,0,1014,12940,2281
"PS00573",0.264926507,"Group_III",1,1,1,0,0,0,0,0,0,265,47075,10653
"PS00576",0.519675118,"Group_III",1,1,1,0,0,0,0,0,0,193,59854,14940
"PS00578",0.982021372,"Group_IV",1,1,1,0,1,1,1,0,1,1861,5378,1197
"PS00579",0.798948785,"Group_IV",1,1,1,2,3,1,1,0,1,1144,10762,2227
"PS00584",-0.00615470299999998,"Group_III",1,1,1,0,0,0,0,0,0,444,27848,5046
"PS00585",0.812162715,"Group_V",1,1,1,2,2,1,1,0,0,1537,7665,1408
"PS00587",0.395685842,"Group_III",1,1,1,1,1,1,1,0,1,179,85874,14623
"PS00588",0.075899482,"Group_III",1,1,1,0,0,0,0,0,0,36,897491,98206
"PS00589",1,"Group_III",1,1,1,0,0,0,0,0,0,525,27489,4256
"PS00590",1.061250288,"Group_IV",1,1,1,1,1,1,1,0,1,283,80365,11537
"PS00591",1.019134202,"Group_V",1,1,1,2,2,1,1,0,0,567,26736,4205
"PS00597",1.075054198,"Group_IV",1,1,1,1,1,1,1,0,1,590,23916,3763
"PS00598",0.730188471,"Group_V",1,1,1,2,2,1,0,0,0,2129,4126,1008
"PS00619",0.583515228,"Group_V",1,1,1,1,1,1,1,0,1,134,127842,21825
"PS00620",0.364236363,"Group_V",1,1,1,1,1,1,1,0,1,43,428706,72049
"PS00638",0.825322185,"Group_V",1,1,1,2,2,1,1,0,0,157,84462,19744
"PS00639",0.727103751,"Group_V",1,0,0,0,0,0,0,0,0,3796,1340,610
"PS00640",0.634370737,"Group_V",1,1,2,2,2,1,1,0,0,592,29954,4167
"PS00641",-0.061456795,"Group_V",1,1,1,2,2,1,1,0,0,134,160314,22636
"PS00642",0.574649605,"Group_V",1,1,1,1,1,1,1,0,0,506,439027,58410
"PS00643",0.559244453,"Group_V",1,1,1,2,2,1,1,0,0,157,118215,17838
"PS00649",0.979407183,"Group_IV",1,1,1,1,1,1,1,0,0,125,127411,39869
"PS00769",0.607376635,"Group_V",1,1,1,2,2,1,1,0,0,112,124339,28817
"PS00789",0.703450994,"Group_V",1,1,1,2,2,1,1,0,0,153,96167,14858
"PS00792",0.355074316,"Group_V",1,1,1,2,2,1,1,0,0,442,36903,5497
"PS00793",0.53136218,"Group_V",1,1,1,2,2,1,1,0,0,225,77561,11916
"PS00795",0.333902995,"Group_V",1,1,1,2,2,1,1,0,0,302,49254,8923
"PS00797",0.875589784,"Group_IV",1,1,1,1,1,1,1,0,1,653,18164,3599
"PS00798",0.256478174,"Group_V",1,1,1,1,1,1,1,0,0,685,19527,3358
"PS00799",0.781872837,"Group_V",1,1,1,2,2,1,1,0,0,171,102567,16786
"PS00807",1.031201731,"Group_V",1,1,1,2,2,1,1,0,0,300,60944,8710
"PS00809",0.827269357,"Group_V",1,1,1,1,1,1,1,0,1,321,48615,8642
"PS00810",0.729173469,"Group_V",1,1,1,2,2,1,1,0,0,375,40060,7042
"PS00908",0.201529255,"Group_II",1,1,1,2,2,1,1,0,1,243,90187,10293
"PS00910",0.923887369,"Group_IV",1,1,1,1,1,1,1,0,1,28,714597,213545
"PS00911",0.416725468,"Group_VI",1,1,1,1,1,1,1,0,0,197,92503,14220
"PS00912",0.161766742,"Group_VI",1,1,1,2,2,1,1,0,0,92,170023,34563
"PS00913",0.355932569,"Group_VI",1,1,1,1,1,1,1,0,0,377,41160,6559
"PS00914",0.47460469,"Group_VI",1,1,1,2,2,1,1,0,0,115,104009,33663
"PS00915",0.027996907,"Group_VI",1,1,1,1,1,1,1,0,0,1207,8964,1993
"PS00916",0.481184949,"Group_VI",1,1,1,2,2,1,1,0,0,829,15016,2775
"PS00917",0.598598312,"Group_VI",1,1,1,1,1,1,1,0,0,425,37596,5969
"PS00918",0.370860083,"Group_VI",1,1,1,1,1,1,1,0,0,433,35336,5629
"PS00919",0.28200573,"Group_VI",1,1,1,2,2,1,1,0,0,407,34453,6443
"PS00920",0.03899766,"Group_VI",1,1,1,2,2,1,1,0,0,370,44043,6614
"PS00921",0.068326042,"Group_VI",1,1,1,1,1,0,0,0,0,62,261645,68260
"PS00922",0.065647733,"Group_VI",1,1,1,1,1,1,1,0,0,1151,9344,1826
"PS00923",0.393603922,"Group_VI",1,1,1,1,1,1,1,0,0,1427,7903,1674
"PS00924",0.1110537,"Group_VI",1,1,1,1,1,0,0,0,0,61,446783,68260
"PS00953",-0.0175746370000001,"Group_VI",1,1,1,1,1,1,1,0,0,143,127831,17751
