query,acc,contig,perc_id,ali_len,mismatches,gap_opens,q_start,q_end,s_start,s_end,eval,score,full_name,start,stop
cytK2_NZ_JBJJSR010000001.1:c1092175-1091165,PS00023,92,100,1011,0,0,1,1011,1092175,1091165,0,1868,PS00023_92,1091165,1092175
cytK2_NZ_JBJJSR010000001.1:c1092175-1091165,PS00039,237,99.802,1011,2,0,1,1011,171121,170111,0,1857,PS00039_237,170111,171121
cytK2_NZ_JBJJSR010000001.1:c1092175-1091165,PS00040,349,99.802,1011,2,0,1,1011,139260,138250,0,1857,PS00040_349,138250,139260
cytK2_NZ_JBJJSR010000001.1:c1092175-1091165,PS00042,577,99.901,1011,1,0,1,1011,11629,12639,0,1862,PS00042_577,11629,12639
cytK2_NZ_CP119875.1:4147002-4148015,PS00046,1494,98.113,1007,19,0,1,1007,46809,45803,0,1755,PS00046_1494,45803,46809
cytK2_NZ_CP119875.1:4147002-4148015,PS00047,1608,98.51,1007,15,0,1,1007,135758,134752,0,1777,PS00047_1608,134752,135758
cytK2_NZ_CP119875.1:4147002-4148015,PS00051,2089,99.212,1015,7,1,1,1014,9949,8935,0,1829,PS00051_2089,8935,9949
cytK2_NZ_CP119875.1:4147002-4148015,PS00082,3054,98.014,1007,20,0,1,1007,16434,17440,0,1749,PS00082_3054,16434,17440
cytK2_NZ_JBJJSR010000001.1:c1092175-1091165,PS00086,4038,97.626,1011,24,0,1,1011,8457,7447,0,1735,PS00086_4038,7447,8457
cytK2_NZ_JBJJSR010000001.1:c1092175-1091165,PS00087,4802,97.824,1011,22,0,1,1011,12936,11926,0,1746,PS00087_4802,11926,12936
cytK2_NZ_JBJJSR010000001.1:c1092175-1091165,PS00090,5350,100,1011,0,0,1,1011,9168,10178,0,1868,PS00090_5350,9168,10178
cytK2_NZ_CP119875.1:4147002-4148015,PS00100,7232,99.212,1015,7,1,1,1014,24576,25590,0,1829,PS00100_7232,24576,25590
cytK2_NZ_JBJJSR010000001.1:c1092175-1091165,PS00107,8670,99.11,1011,9,0,1,1011,1009883,1008873,0,1818,PS00107_8670,1008873,1009883
cytK2_NZ_CP119875.1:4147002-4148015,PS00113,9952,96.355,1015,36,1,1,1014,40569,39555,0,1668,PS00113_9952,39555,40569
cytK2_NZ_JBJJSR010000001.1:c1092175-1091165,PS00114,10264,100,1011,0,0,1,1011,46730,47740,0,1868,PS00114_10264,46730,47740
cytK2_NZ_CP119875.1:4147002-4148015,PS00116,11359,99.212,1015,7,1,1,1014,63565,64579,0,1829,PS00116_11359,63565,64579
cytK2_NZ_CP119875.1:4147002-4148015,PS00118,11535,96.355,1015,36,1,1,1014,84070,83056,0,1668,PS00118_11535,83056,84070
cytK2_NZ_JBJJSR010000001.1:c1092175-1091165,PS00121,12009,100,1011,0,0,1,1011,136950,135940,0,1868,PS00121_12009,135940,136950
cytK2_NZ_JBJJSR010000001.1:c1092175-1091165,PS00122,12228,98.615,1011,14,0,1,1011,55783,54773,0,1790,PS00122_12228,54773,55783
cytK2_NZ_CP119875.1:4147002-4148015,PS00129,14299,98.915,1014,11,0,1,1014,17687,18700,0,1812,PS00129_14299,17687,18700
cytK2_NZ_CP119875.1:4147002-4148015,PS00130,14438,96.355,1015,36,1,1,1014,39948,38934,0,1668,PS00130_14438,38934,39948
cytK2_NZ_JBJJSR010000001.1:c1092175-1091165,PS00131,14514,98.417,1011,16,0,1,1011,93495,94505,0,1779,PS00131_14514,93495,94505
cytK2_NZ_JBJJSR010000001.1:c1092175-1091165,PS00132,14611,97.23,1011,28,0,1,1011,230413,229403,0,1712,PS00132_14611,229403,230413
cytK2_NZ_CP119875.1:4147002-4148015,PS00133,14723,96.355,1015,36,1,1,1014,97427,98441,0,1668,PS00133_14723,97427,98441
cytK2_NZ_CP119875.1:4147002-4148015,PS00138,15359,96.514,1004,35,0,4,1007,76706,75703,0,1661,PS00138_15359,75703,76706
cytK2_NZ_JBJJSR010000001.1:c1092175-1091165,PS00143,16134,99.802,1011,2,0,1,1011,54035,55045,0,1857,PS00143_16134,54035,55045
cytK2_NZ_JBJJSR010000001.1:c1092175-1091165,PS00144,16252,98.022,1011,20,0,1,1011,96664,97674,0,1757,PS00144_16252,96664,97674
cytK2_NZ_JBJJSR010000001.1:c1092175-1091165,PS00150,17246,96.637,1011,34,0,1,1011,94385,95395,0,1679,PS00150_17246,94385,95395
cytK2_NZ_JBJJSR010000001.1:c1092175-1091165,PS00152,17927,100,1011,0,0,1,1011,15245,16255,0,1868,PS00152_17927,15245,16255
cytK2_NZ_JBJJSR010000001.1:c1092175-1091165,PS00154,18403,96.637,1011,34,0,1,1011,95197,96207,0,1679,PS00154_18403,95197,96207
cytK2_NZ_CP119875.1:4147002-4148015,PS00161,19037,95.531,1007,45,0,1,1007,3313,4319,0,1611,PS00161_19037,3313,4319
cytK2_NZ_JBJJSR010000001.1:c1092175-1091165,PS00163,19410,98.22,1011,18,0,1,1011,212215,211205,0,1768,PS00163_19410,211205,212215
cytK2_NZ_JBJJSR010000001.1:c1092175-1091165,PS00170,19725,97.233,1012,27,1,1,1011,96813,97824,0,1712,PS00170_19725,96813,97824
cytK2_NZ_JBJJSR010000001.1:c1092175-1091165,PS00185,20000,100,1011,0,0,1,1011,140461,141471,0,1868,PS00185_20000,140461,141471
cytK2_NZ_JBJJSR010000001.1:c1092175-1091165,PS00189,20239,98.22,1011,18,0,1,1011,23104,24114,0,1768,PS00189_20239,23104,24114
cytK2_NZ_JBJJSR010000001.1:c1092175-1091165,PS00191,20788,100,1011,0,0,1,1011,73351,74361,0,1868,PS00191_20788,73351,74361
cytK2_NZ_CP119875.1:4147002-4148015,PS00193,20988,95.432,1007,46,0,1,1007,84558,83552,0,1605,PS00193_20988,83552,84558
cytK2_NZ_JBJJSR010000001.1:c1092175-1091165,PS00196,21234,97.923,1011,21,0,1,1011,46746,45736,0,1751,PS00196_21234,45736,46746
cytK2_NZ_JBJJSR010000001.1:c1092175-1091165,PS00197,21619,100,1011,0,0,1,1011,73353,74363,0,1868,PS00197_21619,73353,74363
cytK2_NZ_CP119875.1:4147002-4148015,PS00208,22025,98.227,1015,17,1,1,1014,362451,361437,0,1773,PS00208_22025,361437,362451
cytK2_NZ_CP119875.1:4147002-4148015,PS00219,22151,99.015,1015,9,1,1,1014,16308,15294,0,1818,PS00219_22151,15294,16308
cytK2_NZ_CP119875.1:4147002-4148015,PS00398,23990,99.015,1015,9,1,1,1014,15555,14541,0,1818,PS00398_23990,14541,15555
cytK2_NZ_JBJJSR010000001.1:c1092175-1091165,PS00409,26719,98.121,1011,19,0,1,1011,492,1502,0,1762,PS00409_26719,492,1502
cytK2_NZ_JBJJSR010000001.1:c1092175-1091165,PS00410,29045,98.121,1011,19,0,1,1011,47178,48188,0,1762,PS00410_29045,47178,48188
cytK2_NZ_JBJJSR010000001.1:c1092175-1091165,PS00411,29491,98.121,1011,19,0,1,1011,49265,50275,0,1762,PS00411_29491,49265,50275
cytK2_NZ_JBJJSR010000001.1:c1092175-1091165,PS00412,30075,98.121,1011,19,0,1,1011,123409,122399,0,1762,PS00412_30075,122399,123409
cytK2_NZ_JBJJSR010000001.1:c1092175-1091165,PS00415,32608,98.121,1011,18,1,1,1011,12022,13031,0,1760,PS00415_32608,12022,13031
cytK2_NZ_JBJJSR010000001.1:c1092175-1091165,PS00422,35722,98.714,1011,13,0,1,1011,1807,797,0,1796,PS00422_35722,797,1807
cytK2_NZ_CP119875.1:4147002-4148015,PS00423,37602,95.929,1007,41,0,1,1007,485,1491,0,1633,PS00423_37602,485,1491
cytK2_NZ_JBJJSR010000001.1:c1092175-1091165,PS00424,39746,98.121,1011,19,0,1,1011,156365,157375,0,1762,PS00424_39746,156365,157375
cytK2_NZ_JBJJSR010000001.1:c1092175-1091165,PS00425,40168,98.022,1011,20,0,1,1011,7685,6675,0,1757,PS00425_40168,6675,7685
cytK2_NZ_JBJJSR010000001.1:c1092175-1091165,PS00427,42343,98.121,1011,19,0,1,1011,29098,28088,0,1762,PS00427_42343,28088,29098
cytK2_NZ_JBJJSR010000001.1:c1092175-1091165,PS00429,44347,98.714,1011,13,0,1,1011,1318,308,0,1796,PS00429_44347,308,1318
cytK2_NZ_CP119875.1:4147002-4148015,PS00430,46087,95.929,1007,41,0,1,1007,79084,80090,0,1633,PS00430_46087,79084,80090
cytK2_NZ_JBJJSR010000001.1:c1092175-1091165,PS00431,46407,98.022,1011,20,0,1,1011,5514,4504,0,1757,PS00431_46407,4504,5514
cytK2_NZ_JBJJSR010000001.1:c1092175-1091165,PS00433,47766,98.516,1011,15,0,1,1011,342,1352,0,1784,PS00433_47766,342,1352
cytK2_NZ_JBJJSR010000001.1:c1092175-1091165,PS00434,51231,98.615,1011,14,0,1,1011,4069,5079,0,1790,PS00434_51231,4069,5079
cytK2_NZ_CP119875.1:4147002-4148015,PS00438,58415,98.719,1015,12,1,1,1014,325754,326768,0,1801,PS00438_58415,325754,326768
cytK2_NZ_CP119875.1:4147002-4148015,PS00442,64024,97.143,1015,28,1,1,1014,388,1402,0,1712,PS00442_64024,388,1402
cytK2_NZ_JBJJSR010000001.1:c1092175-1091165,PS00444,65317,98.516,1011,15,0,1,1011,180909,179899,0,1784,PS00444_65317,179899,180909
cytK2_NZ_CP119875.1:4147002-4148015,PS00445,65502,98.113,1007,19,0,1,1007,9092,10098,0,1755,PS00445_65502,9092,10098
cytK2_NZ_CP119875.1:4147002-4148015,PS00446,67150,96.922,1007,31,0,1,1007,96882,95876,0,1688,PS00446_67150,95876,96882
cytK2_NZ_JBJJSR010000001.1:c1092175-1091165,PS00451,67721,98.912,1011,11,0,1,1011,10890,9880,0,1807,PS00451_67721,9880,10890
cytK2_NZ_CP119875.1:4147002-4148015,PS00452,69116,98.916,1015,10,1,1,1014,153015,152001,0,1812,PS00452_69116,152001,153015
cytK2_NZ_CP119875.1:4147002-4148015,PS00453,69424,97.219,1007,28,0,1,1007,24630,25636,0,1705,PS00453_69424,24630,25636
cytK2_NZ_CP119875.1:4147002-4148015,PS00457,70236,98.51,1007,15,0,1,1007,216349,217355,0,1777,PS00457_70236,216349,217355
cytK2_NZ_JBJJSR010000001.1:c1092175-1091165,PS00459,70462,98.22,1011,18,0,1,1011,20920,21930,0,1768,PS00459_70462,20920,21930
cytK2_NZ_JBJJSR010000001.1:c1092175-1091165,PS00462,71459,98.022,1011,20,0,1,1011,131606,130596,0,1757,PS00462_71459,130596,131606
cytK2_NZ_CP119875.1:4147002-4148015,PS00474,77075,99.015,1015,9,1,1,1014,24520,25534,0,1818,PS00474_77075,24520,25534
cytK2_NZ_CP119875.1:4147002-4148015,PS00485,83499,99.212,1015,7,1,1,1014,16932,17946,0,1829,PS00485_83499,16932,17946
cytK2_NZ_JBJJSR010000001.1:c1092175-1091165,PS00493,87562,98.318,1011,17,0,1,1011,13950,14960,0,1773,PS00493_87562,13950,14960
cytK2_NZ_CP119875.1:4147002-4148015,PS00503,89565,99.212,1015,7,1,1,1014,1038,24,0,1829,PS00503_89565,24,1038
cytK2_NZ_JBJJSR010000001.1:c1092175-1091165,PS00504,91831,95.945,1011,41,0,1,1011,32043,31033,0,1640,PS00504_91831,31033,32043
cytK2_NZ_JBJJSR010000001.1:c1092175-1091165,PS00511,95353,98.121,1011,19,0,1,1011,83236,84246,0,1762,PS00511_95353,83236,84246
cytK2_NZ_JBJJSR010000001.1:c1092175-1091165,PS00512,96085,97.923,1011,21,0,1,1011,57317,58327,0,1751,PS00512_96085,57317,58327
cytK2_NZ_CP119875.1:4147002-4148015,PS00513,96287,99.212,1015,7,1,1,1014,7589,6575,0,1829,PS00513_96287,6575,7589
cytK2_NZ_CP119875.1:4147002-4148015,PS00517,98627,96.723,1007,33,0,1,1007,4650,5656,0,1677,PS00517_98627,4650,5656
cytK2_NZ_CP119875.1:4147002-4148015,PS00518,100834,96.723,1007,33,0,1,1007,24586,23580,0,1677,PS00518_100834,23580,24586
cytK2_NZ_CP119875.1:4147002-4148015,PS00524,103934,98.51,1007,15,0,1,1007,1173,167,0,1777,PS00524_103934,167,1173
cytK2_NZ_CP119875.1:4147002-4148015,PS00525,106009,98.51,1007,15,0,1,1007,16098,17104,0,1777,PS00525_106009,16098,17104
cytK2_NZ_JBJJSR010000001.1:c1092175-1091165,PS00526,106863,98.022,1011,20,0,1,1011,44974,43964,0,1757,PS00526_106863,43964,44974
cytK2_NZ_CP119875.1:4147002-4148015,PS00528,108804,98.113,1007,19,0,1,1007,48738,49744,0,1755,PS00528_108804,48738,49744
cytK2_NZ_CP119875.1:4147002-4148015,PS00530,110106,99.212,1015,7,1,1,1014,7589,6575,0,1829,PS00530_110106,6575,7589
cytK2_NZ_CP119875.1:4147002-4148015,PS00534,111215,98.113,1007,19,0,1,1007,1158,152,0,1755,PS00534_111215,152,1158
cytK2_NZ_JBJJSR010000001.1:c1092175-1091165,PS00547,120427,98.516,1011,15,0,1,1011,1301,291,0,1784,PS00547_120427,291,1301
cytK2_NZ_JBJJSR010000001.1:c1092175-1091165,PS00555,123897,98.121,1011,19,0,1,1011,156365,157375,0,1762,PS00555_123897,156365,157375
cytK2_NZ_JBJJSR010000001.1:c1092175-1091165,PS00569,129504,98.615,1011,14,0,1,1011,60080,61090,0,1790,PS00569_129504,60080,61090
cytK2_NZ_JBJJSR010000001.1:c1092175-1091165,PS00578,134111,98.22,1011,18,0,1,1011,7117,6107,0,1768,PS00578_134111,6107,7117
cytK2_NZ_JBJJSR010000001.1:c1092175-1091165,PS00579,136449,98.121,1011,19,0,1,1011,16486,17496,0,1762,PS00579_136449,16486,17496
cytK2_NZ_CP119875.1:4147002-4148015,PS00587,140371,98.115,1008,18,1,1,1007,17342,18349,0,1755,PS00587_140371,17342,18349
cytK2_NZ_JBJJSR010000001.1:c1092175-1091165,PS00590,141502,99.407,1011,6,0,1,1011,144673,145683,0,1834,PS00590_141502,144673,145683
cytK2_NZ_JBJJSR010000001.1:c1092175-1091165,PS00597,143686,98.022,1011,20,0,1,1011,15793,16803,0,1757,PS00597_143686,15793,16803
cytK2_NZ_JBJJSR010000001.1:c1092175-1091165,PS00619,147114,96.142,1011,39,0,1,1011,195196,194186,0,1652,PS00619_147114,194186,195196
cytK2_NZ_JBJJSR010000001.1:c1092175-1091165,PS00620,147295,96.142,1011,39,0,1,1011,195331,194321,0,1652,PS00620_147295,194321,195331
cytK2_NZ_JBJJSR010000001.1:c1092175-1091165,PS00797,161702,98.121,1011,19,0,1,1011,10194,11204,0,1762,PS00797_161702,10194,11204
cytK2_NZ_JBJJSR010000001.1:c1092175-1091165,PS00809,164797,96.142,1011,39,0,1,1011,9304,10314,0,1652,PS00809_164797,9304,10314
cytK2_NZ_JBJJSR010000001.1:c1092175-1091165,PS00908,165819,96.637,1011,34,0,1,1011,143675,142665,0,1679,PS00908_165819,142665,143675
cytK2_NZ_JBJJSR010000001.1:c1092175-1091165,PS00910,166183,97.527,1011,25,0,1,1011,326937,327947,0,1729,PS00910_166183,326937,327947
