query,acc,contig,perc_id,ali_len,mismatches,gap_opens,q_start,q_end,s_start,s_end,eval,score,full_name,start,stop,gene
hblA_NZ_CP032365.1:2313330-2314457,PS00009,11,99.379,1128,7,0,1,1128,95808,96935,0,2045,PS00009_11,95808,96935,hblA
hblA_NZ_CP119875.1:2351452-2352579,PS00012,90,98.848,1128,13,0,1,1128,3147148,3146021,0,2012,PS00012_90,3146021,3147148,hblA
hblA_NZ_JBJJSR010000001.1:c3064164-3063037,PS00023,92,100,1128,0,0,1,1128,3064164,3063037,0,2084,PS00023_92,3063037,3064164,hblA
hblA_NZ_JBJJSR010000001.1:c3064164-3063037,PS00039,260,99.468,1128,6,0,1,1128,43767,42640,0,2050,PS00039_260,42640,43767,hblA
hblA_NZ_JBJJSR010000001.1:c3064164-3063037,PS00040,374,99.468,1128,6,0,1,1128,43767,42640,0,2050,PS00040_374,42640,43767,hblA
hblA_NZ_JBJJSR010000001.1:c3064164-3063037,PS00042,635,99.818,1101,2,0,28,1128,1,1101,0,2023,PS00042_635,1,1101,hblA
hblA_CP189809.1:c2946999-2945872,PS00044,1274,86.714,1129,146,3,1,1127,31117,29991,0,1251,PS00044_1274,29991,31117,hblA
hblA_NZ_CP119875.1:2351452-2352579,PS00048,1780,99.025,1128,11,0,1,1128,93496,92369,0,2023,PS00048_1780,92369,93496,hblA
hblA_NZ_JAUCFS010000005.1:c2940642-2939515,PS00049,1866,91.954,1131,85,5,1,1128,129609,128482,0,1580,PS00049_1866,128482,129609,hblA
hblA_NZ_CP119875.1:2351452-2352579,PS00077,2360,95.213,1128,54,0,1,1128,6275,7402,0,1784,PS00077_2360,6275,7402,hblA
hblA_NZ_CP119875.1:2351452-2352579,PS00078,2702,96.631,1128,38,0,1,1128,13127,12000,0,1873,PS00078_2702,12000,13127,hblA
hblA_NZ_CP064875.1:2283760-2284887,PS00079,2887,99.291,1128,8,0,1,1128,4912344,4913471,0,2039,PS00079_2887,4912344,4913471,hblA
hblA_NZ_JBJJSR010000001.1:c3064164-3063037,PS00084,3423,96.454,1128,40,0,1,1128,54375,53248,0,1862,PS00084_3423,53248,54375,hblA
hblA_NZ_JBJJSR010000001.1:c3064164-3063037,PS00086,4131,98.67,1128,15,0,1,1128,6087,4960,0,2001,PS00086_4131,4960,6087,hblA
hblA_NZ_JBJJSR010000001.1:c3064164-3063037,PS00088,5253,96.454,1128,40,0,1,1128,67142,68269,0,1862,PS00088_5253,67142,68269,hblA
hblA_NZ_CP064875.1:2283760-2284887,PS00091,5823,99.291,1128,8,0,1,1128,47584,46457,0,2039,PS00091_5823,46457,47584,hblA
hblA_NZ_CP119875.1:2351452-2352579,PS00092,5959,96.72,1128,37,0,1,1128,11914,10787,0,1879,PS00092_5959,10787,11914,hblA
hblA_NZ_CP064875.1:2283760-2284887,PS00094,6161,99.291,1128,8,0,1,1128,271392,272519,0,2039,PS00094_6161,271392,272519,hblA
hblA_NZ_CP119875.1:2351452-2352579,PS00095,6357,96.454,1128,40,0,1,1128,3636,4763,0,1862,PS00095_6357,3636,4763,hblA
hblA_NZ_CP119875.1:2351452-2352579,PS00097,7057,96.365,1128,41,0,1,1128,3439,4566,0,1857,PS00097_7057,3439,4566,hblA
hblA_NZ_JBJJSR010000001.1:c3064164-3063037,PS00100,7396,99.645,1128,4,0,1,1128,4484,5611,0,2061,PS00100_7396,4484,5611,hblA
hblA_NZ_CP119875.1:2351452-2352579,PS00101,7845,96.365,1128,41,0,1,1128,3444,4571,0,1857,PS00101_7845,3444,4571,hblA
hblA_NZ_CP064875.1:2283760-2284887,PS00103,8169,99.291,1128,8,0,1,1128,6057,4930,0,2039,PS00103_8169,4930,6057,hblA
hblA_NZ_JBJJSR010000001.1:c3064164-3063037,PS00104,8435,96.454,1128,40,0,1,1128,67153,68280,0,1862,PS00104_8435,67153,68280,hblA
hblA_NZ_CP119875.1:2351452-2352579,PS00106,8584,96.277,1128,42,0,1,1128,615286,614159,0,1851,PS00106_8584,614159,615286,hblA
hblA_NZ_CM000753.1:5706866-5707993,PS00107,8670,100,1128,0,0,1,1128,5706866,5707993,0,2084,PS00107_8670,5706866,5707993,hblA
hblA_NZ_CP119875.1:2351452-2352579,PS00110,8929,96.72,1128,37,0,1,1128,3575,4702,0,1879,PS00110_8929,3575,4702,hblA
hblA_NZ_CP035997.1:c359987-358854,PS00113,9954,99.206,1134,9,0,1,1134,171439,170306,0,2045,PS00113_9954,170306,171439,hblA
hblA_NZ_CP032365.1:2313330-2314457,PS00113,9954,99.468,1128,6,0,1,1128,291064,289937,0,2050,PS00113_9954,289937,291064,hblA
hblA_NZ_JBJJSR010000001.1:c3064164-3063037,PS00114,10357,99.823,1128,2,0,1,1128,8922,7795,0,2073,PS00114_10357,7795,8922,hblA
hblA_NZ_CP032365.1:2313330-2314457,PS00118,11543,99.468,1128,6,0,1,1128,53334,52207,0,2050,PS00118_11543,52207,53334,hblA
hblA_NZ_CP119875.1:2351452-2352579,PS00120,11840,96.188,1128,43,0,1,1128,12341,13468,0,1845,PS00120_11840,12341,13468,hblA
hblA_NZ_JBJJSR010000001.1:c3064164-3063037,PS00121,12043,99.823,1128,2,0,1,1128,3281,4408,0,2073,PS00121_12043,3281,4408,hblA
hblA_NZ_JBJJSR010000001.1:c3064164-3063037,PS00122,12239,97.695,1128,26,0,1,1128,13735,12608,0,1940,PS00122_12239,12608,13735,hblA
hblA_CP189809.1:c2946999-2945872,PS00123,12390,85.676,1131,156,6,1,1128,17073,15946,0,1186,PS00123_12390,15946,17073,hblA
hblA_CP189809.1:c2946999-2945872,PS00126,13839,85.053,950,138,4,181,1128,2646,1699,0,965,PS00126_13839,1699,2646,hblA
hblA_NZ_CP032365.1:2313330-2314457,PS00130,14441,99.468,1128,6,0,1,1128,53601,52474,0,2050,PS00130_14441,52474,53601,hblA
hblA_NZ_CP119875.1:2351452-2352579,PS00131,14516,98.936,1128,12,0,1,1128,78112,79239,0,2017,PS00131_14516,78112,79239,hblA
hblA_NZ_CP119875.1:2351452-2352579,PS00132,14607,99.379,1128,7,0,1,1128,289790,288663,0,2045,PS00132_14607,288663,289790,hblA
hblA_CP189809.1:c2946999-2945872,PS00134,14885,85.676,1131,156,6,1,1128,4814,5941,0,1186,PS00134_14885,4814,5941,hblA
hblA_NZ_JBJJSR010000001.1:c3064164-3063037,PS00141,15449,99.645,1128,4,0,1,1128,57519,56392,0,2061,PS00141_15449,56392,57519,hblA
hblA_NZ_JBJJSR010000001.1:c3064164-3063037,PS00143,16152,99.379,1128,7,0,1,1128,9695,10822,0,2045,PS00143_16152,9695,10822,hblA
hblA_NZ_JBJJSR010000001.1:c3064164-3063037,PS00144,16239,99.557,1128,5,0,1,1128,13104,11977,0,2056,PS00144_16239,11977,13104,hblA
hblA_NZ_CP119875.1:2351452-2352579,PS00147,16565,96.631,1128,38,0,1,1128,3543,4670,0,1873,PS00147_16565,3543,4670,hblA
hblA_NZ_CP119875.1:2351452-2352579,PS00149,17103,96.631,1128,38,0,1,1128,3573,4700,0,1873,PS00149_17103,3573,4700,hblA
hblA_NZ_CP064875.1:2283760-2284887,PS00150,17257,99.379,1128,7,0,1,1128,51219,52346,0,2045,PS00150_17257,51219,52346,hblA
hblA_NZ_JBJJSR010000001.1:c3064164-3063037,PS00152,18026,99.823,1128,2,0,1,1128,1238,2365,0,2073,PS00152_18026,1238,2365,hblA
hblA_NZ_CP119875.1:2351452-2352579,PS00153,18311,96.631,1128,38,0,1,1128,3462,4589,0,1873,PS00153_18311,3462,4589,hblA
hblA_NZ_CP032365.1:2313330-2314457,PS00154,18407,100,1128,0,0,1,1128,55262,54135,0,2084,PS00154_18407,54135,55262,hblA
hblA_NZ_CP032365.1:2313330-2314457,PS00156,18501,100,1128,0,0,1,1128,54675,53548,0,2084,PS00156_18501,53548,54675,hblA
hblA_NZ_CP119875.1:2351452-2352579,PS00159,18767,96.454,1128,40,0,1,1128,95078,96205,0,1862,PS00159_18767,95078,96205,hblA
hblA_NZ_CP032365.1:2313330-2314457,PS00162,19353,99.823,1128,2,0,1,1128,27148,28275,0,2073,PS00162_19353,27148,28275,hblA
hblA_NZ_JBJJSR010000001.1:c3064164-3063037,PS00163,19420,98.936,1128,12,0,1,1128,18231,17104,0,2017,PS00163_19420,17104,18231,hblA
hblA_NZ_JBJJSR010000001.1:c3064164-3063037,PS00170,19984,99.202,1128,9,0,1,1128,157380,156253,0,2034,PS00170_19984,156253,157380,hblA
hblA_NZ_JBJJSR010000001.1:c3064164-3063037,PS00174,20200,96.454,1128,40,0,1,1128,53879,52752,0,1862,PS00174_20200,52752,53879,hblA
hblA_NZ_JBJJSR010000001.1:c3064164-3063037,PS00185,20310,99.823,1128,2,0,1,1128,1317,2444,0,2073,PS00185_20310,1317,2444,hblA
hblA_NZ_JBJJSR010000001.1:c3064164-3063037,PS00189,20653,98.936,1128,12,0,1,1128,3407,4534,0,2017,PS00189_20653,3407,4534,hblA
hblA_NZ_JBJJSR010000001.1:c3064164-3063037,PS00191,21152,99.823,1128,2,0,1,1128,6381,5254,0,2073,PS00191_21152,5254,6381,hblA
hblA_NZ_CP119875.1:2351452-2352579,PS00193,21303,99.291,1128,8,0,1,1128,3408,4535,0,2039,PS00193_21303,3408,4535,hblA
hblA_NZ_JBJJSR010000001.1:c3064164-3063037,PS00197,22016,99.823,1128,2,0,1,1128,6150,5023,0,2073,PS00197_22016,5023,6150,hblA
hblA_NZ_JBJJSR010000001.1:c3064164-3063037,PS00208,22300,98.848,1128,13,0,1,1128,49741,48614,0,2012,PS00208_22300,48614,49741,hblA
hblA_NZ_CP035997.1:c359987-358854,PS00215,22381,99.295,1134,8,0,1,1134,5467578,5468711,0,2050,PS00215_22381,5467578,5468711,hblA
hblA_NZ_CP119875.1:2351452-2352579,PS00410,29322,98.936,1128,12,0,1,1128,20051,18924,0,2017,PS00410_29322,18924,20051,hblA
hblA_NZ_CP119875.1:2351452-2352579,PS00411,29767,98.936,1128,12,0,1,1128,113441,114568,0,2017,PS00411_29767,113441,114568,hblA
hblA_NZ_CP119875.1:2351452-2352579,PS00412,30409,98.936,1128,12,0,1,1128,20043,18916,0,2017,PS00412_30409,18916,20043,hblA
hblA_NZ_CP032365.1:2313330-2314457,PS00416,34858,100,1128,0,0,1,1128,11499,10372,0,2084,PS00416_34858,10372,11499,hblA
hblA_NZ_JBJJSR010000001.1:c3064164-3063037,PS00417,35183,96.543,1128,39,0,1,1128,37009,38136,0,1868,PS00417_35183,37009,38136,hblA
hblA_NZ_CP032365.1:2313330-2314457,PS00418,35317,94.592,1128,61,0,1,1128,20557,19430,0,1746,PS00418_35317,19430,20557,hblA
hblA_NZ_CP032365.1:2313330-2314457,PS00420,35492,99.734,1128,3,0,1,1128,26271,25144,0,2067,PS00420_35492,25144,26271,hblA
hblA_NZ_CP119875.1:2351452-2352579,PS00424,40094,98.936,1128,12,0,1,1128,14894,16021,0,2017,PS00424_40094,14894,16021,hblA
hblA_NZ_JBJJSR010000001.1:c3064164-3063037,PS00425,40650,99.557,1128,5,0,1,1128,830,1957,0,2056,PS00425_40650,830,1957,hblA
hblA_NZ_CP032365.1:2313330-2314457,PS00426,41475,99.734,1128,3,0,1,1128,3118,4245,0,2067,PS00426_41475,3118,4245,hblA
hblA_NZ_CP119875.1:2351452-2352579,PS00427,43039,98.936,1128,12,0,1,1128,3132,2005,0,2017,PS00427_43039,2005,3132,hblA
hblA_NZ_CP064875.1:2283760-2284887,PS00429,44582,99.823,1128,2,0,1,1128,1420,2547,0,2073,PS00429_44582,1420,2547,hblA
hblA_NZ_JBJJSR010000001.1:c3064164-3063037,PS00430,46351,98.936,1128,12,0,1,1128,229659,228532,0,2017,PS00430_46351,228532,229659,hblA
hblA_NZ_JBJJSR010000001.1:c3064164-3063037,PS00431,46676,99.557,1128,5,0,1,1128,281442,282569,0,2056,PS00431_46676,281442,282569,hblA
hblA_NZ_CP119875.1:2351452-2352579,PS00444,65601,99.291,1128,8,0,1,1128,87985,89112,0,2039,PS00444_65601,87985,89112,hblA
hblA_NZ_JBJJSR010000001.1:c3064164-3063037,PS00452,69424,97.695,1128,26,0,1,1128,3569,4696,0,1940,PS00452_69424,3569,4696,hblA
hblA_NZ_JBJJSR010000001.1:c3064164-3063037,PS00462,71753,99.823,1128,2,0,1,1128,3352,4479,0,2073,PS00462_71753,3352,4479,hblA
hblA_NZ_CP032365.1:2313330-2314457,PS00483,83039,98.936,1128,12,0,1,1128,2886,1759,0,2017,PS00483_83039,1759,2886,hblA
hblA_NZ_CP064875.1:2283760-2284887,PS00504,92191,99.823,1128,2,0,1,1128,9336,8209,0,2073,PS00504_92191,8209,9336,hblA
hblA_NZ_CP032365.1:2313330-2314457,PS00505,93474,99.734,1128,3,0,1,1128,5444,6571,0,2067,PS00505_93474,5444,6571,hblA
hblA_NZ_CP032365.1:2313330-2314457,PS00506,94366,99.025,1128,11,0,1,1128,3157,2030,0,2023,PS00506_94366,2030,3157,hblA
hblA_NZ_CP119875.1:2351452-2352579,PS00511,95773,98.936,1128,12,0,1,1128,8213,7086,0,2017,PS00511_95773,7086,8213,hblA
hblA_NZ_JBJJSR010000001.1:c3064164-3063037,PS00512,96352,99.645,1128,4,0,1,1128,108634,107507,0,2061,PS00512_96352,107507,108634,hblA
hblA_NZ_CP064875.1:2283760-2284887,PS00516,98660,99.291,1128,8,0,1,1128,3587,4714,0,2039,PS00516_98660,3587,4714,hblA
hblA_NZ_CP119875.1:2351452-2352579,PS00529,109955,99.025,1128,11,0,1,1128,3482,4609,0,2023,PS00529_109955,3482,4609,hblA
hblA_NZ_CP119875.1:2351452-2352579,PS00532,110590,99.113,1128,10,0,1,1128,6090,4963,0,2028,PS00532_110590,4963,6090,hblA
hblA_NZ_CP119875.1:2351452-2352579,PS00538,114073,99.113,1128,10,0,1,1128,6343,5216,0,2028,PS00538_114073,5216,6343,hblA
hblA_NZ_CP064875.1:2283760-2284887,PS00542,115543,99.291,1128,8,0,1,1128,6652,5525,0,2039,PS00542_115543,5525,6652,hblA
hblA_NZ_CP064875.1:2283760-2284887,PS00544,117383,99.557,1128,5,0,1,1128,820,1947,0,2056,PS00544_117383,820,1947,hblA
hblA_NZ_CP064875.1:2283760-2284887,PS00545,118088,99.291,1128,8,0,1,1128,3589,4716,0,2039,PS00545_118088,3589,4716,hblA
hblA_NZ_CP064875.1:2283760-2284887,PS00552,120920,99.291,1128,8,0,1,1128,3269,4396,0,2039,PS00552_120920,3269,4396,hblA
hblA_NZ_CP119875.1:2351452-2352579,PS00555,122979,98.936,1128,12,0,1,1128,14875,16002,0,2017,PS00555_122979,14875,16002,hblA
hblA_NZ_CP064875.1:2283760-2284887,PS00557,123294,99.291,1128,8,0,1,1128,3578,4705,0,2039,PS00557_123294,3578,4705,hblA
hblA_NZ_CP064875.1:2283760-2284887,PS00558,123530,99.379,1128,7,0,1,1128,3469,4596,0,2045,PS00558_123530,3469,4596,hblA
hblA_NZ_CP064875.1:2283760-2284887,PS00560,123711,99.291,1128,8,0,1,1128,3438,4565,0,2039,PS00560_123711,3438,4565,hblA
hblA_NZ_CP064875.1:2283760-2284887,PS00561,124192,99.557,1128,5,0,1,1128,6629,5502,0,2056,PS00561_124192,5502,6629,hblA
hblA_NZ_CP064875.1:2283760-2284887,PS00562,124862,99.557,1128,5,0,1,1128,11787,10660,0,2056,PS00562_124862,10660,11787,hblA
hblA_NZ_CP064875.1:2283760-2284887,PS00565,127197,99.291,1128,8,0,1,1128,3622,4749,0,2039,PS00565_127197,3622,4749,hblA
hblA_NZ_CP035997.1:c359987-358854,PS00566,128076,94.263,1133,64,1,2,1134,3355277,3354146,0,1731,PS00566_128076,3354146,3355277,hblA
hblA_NZ_CP064875.1:2283760-2284887,PS00566,128076,99.203,1129,8,1,1,1128,3464433,3463305,0,2034,PS00566_128076,3463305,3464433,hblA
hblA_NZ_CP064875.1:2283760-2284887,PS00567,128212,99.113,1128,10,0,1,1128,3520,4647,0,2028,PS00567_128212,3520,4647,hblA
hblA_NZ_JBJJSR010000001.1:c3064164-3063037,PS00569,128575,99.734,1128,3,0,1,1128,13426,12299,0,2067,PS00569_128575,12299,13426,hblA
hblA_NZ_CP119875.1:2351452-2352579,PS00579,135715,98.936,1128,12,0,1,1128,2820,3947,0,2017,PS00579_135715,2820,3947,hblA
hblA_NZ_CP119875.1:2351452-2352579,PS00587,139472,98.848,1128,13,0,1,1128,3287,4414,0,2012,PS00587_139472,3287,4414,hblA
hblA_NZ_JBJJSR010000001.1:c3064164-3063037,PS00590,140597,99.911,1128,1,0,1,1128,12785,11658,0,2078,PS00590_140597,11658,12785,hblA
hblA_NZ_CP064875.1:2283760-2284887,PS00591,142192,99.291,1128,8,0,1,1128,3150,2023,0,2039,PS00591_142192,2023,3150,hblA
hblA_NZ_CP064875.1:2283760-2284887,PS00619,146186,99.291,1128,8,0,1,1128,3644,4771,0,2039,PS00619_146186,3644,4771,hblA
hblA_NZ_CP064875.1:2283760-2284887,PS00620,146325,99.291,1128,8,0,1,1128,93187,92060,0,2039,PS00620_146325,92060,93187,hblA
hblA_NZ_CP064875.1:2283760-2284887,PS00638,146442,99.291,1128,8,0,1,1128,3436,4563,0,2039,PS00638_146442,3436,4563,hblA
hblA_NZ_CP064875.1:2283760-2284887,PS00640,153622,99.379,1128,7,0,1,1128,1420,2547,0,2045,PS00640_153622,1420,2547,hblA
hblA_NZ_CP064875.1:2283760-2284887,PS00641,154219,99.291,1128,8,0,1,1128,3541,4668,0,2039,PS00641_154219,3541,4668,hblA
hblA_NZ_CP064875.1:2283760-2284887,PS00642,154348,99.291,1128,8,0,1,1128,128874,130001,0,2039,PS00642_154348,128874,130001,hblA
hblA_NZ_CP064875.1:2283760-2284887,PS00643,158833,99.291,1128,8,0,1,1128,17696,16569,0,2039,PS00643_158833,16569,17696,hblA
hblA_NZ_JBJJSR010000001.1:c3064164-3063037,PS00649,158993,99.734,1128,3,0,1,1128,44545,45672,0,2067,PS00649_158993,44545,45672,hblA
hblA_NZ_CP064875.1:2283760-2284887,PS00769,159163,99.557,1128,5,0,1,1128,82561,83688,0,2056,PS00769_159163,82561,83688,hblA
hblA_NZ_CP064875.1:2283760-2284887,PS00789,159357,99.291,1128,8,0,1,1128,22989,24116,0,2039,PS00789_159357,22989,24116,hblA
hblA_NZ_CP064875.1:2283760-2284887,PS00792,159644,99.291,1128,8,0,1,1128,3368,4495,0,2039,PS00792_159644,3368,4495,hblA
hblA_NZ_CP064875.1:2283760-2284887,PS00793,160188,99.291,1128,8,0,1,1128,3187,2060,0,2039,PS00793_160188,2060,3187,hblA
hblA_NZ_CP064875.1:2283760-2284887,PS00795,160427,99.823,1128,2,0,1,1128,1420,2547,0,2073,PS00795_160427,1420,2547,hblA
hblA_NZ_JBJJSR010000001.1:c3064164-3063037,PS00797,160928,99.557,1128,5,0,1,1128,3381,2254,0,2056,PS00797_160928,2254,3381,hblA
hblA_NZ_CP064875.1:2283760-2284887,PS00798,161626,99.291,1128,8,0,1,1128,6410,5283,0,2039,PS00798_161626,5283,6410,hblA
hblA_NZ_CP064875.1:2283760-2284887,PS00799,162349,99.557,1128,5,0,1,1128,3630,4757,0,2056,PS00799_162349,3630,4757,hblA
hblA_NZ_CP064875.1:2283760-2284887,PS00807,163368,99.291,1128,8,0,1,1128,3448,4575,0,2039,PS00807_163368,3448,4575,hblA
hblA_NZ_CP064875.1:2283760-2284887,PS00809,163880,99.291,1128,8,0,1,1128,16156,15029,0,2039,PS00809_163880,15029,16156,hblA
hblA_NZ_CP064875.1:2283760-2284887,PS00810,164390,99.291,1128,8,0,1,1128,21999,20872,0,2039,PS00810_164390,20872,21999,hblA
hblA_NZ_CP064875.1:2283760-2284887,PS00908,164924,99.379,1128,7,0,1,1128,8923,7796,0,2045,PS00908_164924,7796,8923,hblA
hblA_NZ_JBJJSR010000001.1:c3064164-3063037,PS00910,165207,99.823,1128,2,0,1,1128,621775,622902,0,2073,PS00910_165207,621775,622902,hblA
hblA_NZ_CP119875.1:2351452-2352579,PS00911,165583,96.631,1128,38,0,1,1128,38691,37564,0,1873,PS00911_165583,37564,38691,hblA
hblA_NZ_CP119875.1:2351452-2352579,PS00912,165902,96.277,1128,42,0,1,1128,3460,4587,0,1851,PS00912_165902,3460,4587,hblA
hblA_NZ_CP119875.1:2351452-2352579,PS00916,168380,96.365,1128,41,0,1,1128,3572,2445,0,1857,PS00916_168380,2445,3572,hblA
hblA_NZ_CP119875.1:2351452-2352579,PS00918,169725,96.72,1128,37,0,1,1128,16211,15084,0,1879,PS00918_169725,15084,16211,hblA
hblA_NZ_CP119875.1:2351452-2352579,PS00919,170312,96.365,1128,41,0,1,1128,8224,7097,0,1857,PS00919_170312,7097,8224,hblA
hblA_NZ_CP119875.1:2351452-2352579,PS00920,170767,96.631,1128,38,0,1,1128,3439,4566,0,1873,PS00920_170767,3439,4566,hblA
hblA_NZ_CP119875.1:2351452-2352579,PS00953,174969,96.277,1128,42,0,1,1128,8777,7650,0,1851,PS00953_174969,7650,8777,hblA
hblA_CP189809.1:c2946999-2945872,PS00045,1396,92.171,1124,87,1,5,1128,51393,52515,0,1587,PS00045_1396,51393,52515,hblA
hblA_NZ_JAUCFS010000005.1:c2940642-2939515,PS00085,3642,97.784,1128,25,0,1,1128,3420,4547,0,1945,PS00085_3642,3420,4547,hblA
hblA_NZ_JAUCFS010000005.1:c2940642-2939515,PS00111,9366,97.518,1128,28,0,1,1128,3408,2281,0,1929,PS00111_9366,2281,3408,hblA
hblA_CP189809.1:c2946999-2945872,PS00123,12487,98.759,1128,14,0,1,1128,3305,4432,0,2006,PS00123_12487,3305,4432,hblA
hblA_NZ_JAUCFS010000005.1:c2940642-2939515,PS00124,13103,97.784,1128,25,0,1,1128,1428,2555,0,1945,PS00124_13103,1428,2555,hblA
hblA_CP189809.1:c2946999-2945872,PS00126,13711,98.759,1128,14,0,1,1128,7021,5894,0,2006,PS00126_13711,5894,7021,hblA
hblA_CP189809.1:c2946999-2945872,PS00134,14885,98.759,1128,14,0,1,1128,254863,253736,0,2006,PS00134_14885,253736,254863,hblA
hblA_CP189809.1:c2946999-2945872,PS00135,14963,95.314,1067,48,2,53,1118,4736847,4737912,0,1692,PS00135_14963,4736847,4737912,hblA
hblA_NZ_JAUCFS010000005.1:c2940642-2939515,PS00142,15844,97.784,1128,25,0,1,1128,3422,4549,0,1945,PS00142_15844,3422,4549,hblA
hblA_NZ_JAUCFS010000005.1:c2940642-2939515,PS00145,16367,97.695,1128,26,0,1,1128,3529,4656,0,1940,PS00145_16367,3529,4656,hblA
hblA_NZ_JAUCFS010000005.1:c2940642-2939515,PS00151,17526,93.528,1128,73,0,1,1128,2960,1833,0,1679,PS00151_17526,1833,2960,hblA
hblA_NZ_JAUCFS010000005.1:c2940642-2939515,PS00165,19468,96.273,1127,42,0,1,1127,7223,8349,0,1849,PS00165_19468,7223,8349,hblA
hblA_NZ_JAUCFS010000005.1:c2940642-2939515,PS00207,22203,97.695,1128,26,0,1,1128,86736,85609,0,1940,PS00207_22203,85609,86736,hblA
hblA_NZ_JAUCFS010000005.1:c2940642-2939515,PS00215,22381,97.518,1128,28,0,1,1128,5627020,5628147,0,1929,PS00215_22381,5627020,5628147,hblA
hblA_NZ_JAUCFS010000005.1:c2940642-2939515,PS00466,72881,99.911,1128,1,0,1,1128,1235,108,0,2078,PS00466_72881,108,1235,hblA
hblA_NZ_JAUCFS010000005.1:c2940642-2939515,PS00481,81999,100,1128,0,0,1,1128,10224,9097,0,2084,PS00481_81999,9097,10224,hblA
hblA_NZ_JAUCFS010000005.1:c2940642-2939515,PS00482,82645,99.911,1128,1,0,1,1128,1561,2688,0,2078,PS00482_82645,1561,2688,hblA
hblA_CP189809.1:c2946999-2945872,PS00489,85765,92.171,1124,87,1,5,1128,32590,33712,0,1587,PS00489_85765,32590,33712,hblA
hblA_CP189809.1:c2946999-2945872,PS00492,87341,92.171,1124,87,1,5,1128,3356,4478,0,1587,PS00492_87341,3356,4478,hblA
hblA_NZ_JAUCFS010000005.1:c2940642-2939515,PS00913,166234,96.273,1127,42,0,1,1127,3420,4546,0,1849,PS00913_166234,3420,4546,hblA
hblA_NZ_JAUCFS010000005.1:c2940642-2939515,PS00914,166602,93.528,1128,73,0,1,1128,15832,14705,0,1679,PS00914_166602,14705,15832,hblA
hblA_NZ_JAUCFS010000005.1:c2940642-2939515,PS00922,171951,97.784,1128,25,0,1,1128,1337,2464,0,1945,PS00922_171951,1337,2464,hblA
