Isolate,cytotoxicity,panC_group,cytK2_prot_SNP_A_22,cytK2_prot_SNP_A_30,cytK2_prot_SNP_A_36,cytK2_prot_SNP_A_66,cytK2_prot_SNP_A_170,cytK2_prot_SNP_A_177,cytK2_prot_SNP_A_327,cytK2_prot_SNP_R_374,cytK2_prot_SNP_D_64,cytK2_prot_SNP_D_106,cytK2_prot_SNP_N_220,cytK2_prot_SNP_C_17,cytK2_prot_SNP_G_177,cytK2_prot_SNP_I_29,cytK2_prot_SNP_I_129,cytK2_prot_SNP_I_375,cytK2_prot_SNP_L_29,cytK2_prot_SNP_L_359,cytK2_prot_SNP_F_24,cytK2_prot_SNP_F_336,cytK2_prot_SNP_S_106,cytK2_prot_SNP_S_359,cytK2_prot_SNP_T_30,cytK2_prot_SNP_T_36,cytK2_prot_SNP_T_66,cytK2_prot_SNP_T_327,cytK2_prot_SNP_Y_17,cytK2_prot_SNP_Y_336,cytK2_prot_SNP_V_24,cytK2_prot_SNP_V_29,cytK2_prot_SNP_V_30,cytK2_prot_SNP_V_129,cytK2_prot_SNP_V_170
PS00430,0.738017843,2,0.0,1.0,0.0,0.0,0.0,0.0,0.0,,0.0,0.0,1.0,0.0,0.0,0.0,0.0,,0.0,0.0,1.0,1.0,0.0,0.0,1.0,0.0,0.0,0.0,0.0,1.0,1.0,0.0,1.0,0.0,0.0
PS00620,0.36423636299999995,5,1.0,1.0,0.0,1.0,0.0,1.0,1.0,,1.0,1.0,0.0,0.0,1.0,0.0,1.0,1.0,1.0,0.0,1.0,0.0,1.0,0.0,1.0,0.0,1.0,1.0,0.0,0.0,1.0,1.0,1.0,1.0,0.0
PS00107,1.078479895,4,1.0,1.0,1.0,1.0,1.0,1.0,0.0,,1.0,1.0,1.0,0.0,1.0,0.0,1.0,1.0,1.0,1.0,1.0,0.0,1.0,1.0,1.0,1.0,1.0,0.0,0.0,0.0,1.0,1.0,1.0,1.0,1.0
PS00133,0.649678769,2,1.0,1.0,0.0,0.0,0.0,0.0,0.0,1.0,1.0,0.0,1.0,0.0,0.0,0.0,0.0,0.0,0.0,1.0,1.0,1.0,0.0,1.0,1.0,0.0,0.0,0.0,0.0,1.0,1.0,0.0,1.0,0.0,0.0
PS00193,0.000250113999999968,2,0.0,1.0,0.0,0.0,0.0,0.0,0.0,,0.0,0.0,1.0,0.0,0.0,0.0,0.0,,0.0,0.0,1.0,1.0,0.0,0.0,1.0,0.0,0.0,0.0,0.0,1.0,1.0,0.0,1.0,0.0,0.0
PS00121,0.5263332700000001,4,1.0,1.0,1.0,1.0,1.0,1.0,0.0,,1.0,1.0,1.0,0.0,1.0,0.0,1.0,1.0,1.0,1.0,1.0,1.0,1.0,1.0,1.0,1.0,1.0,0.0,0.0,1.0,1.0,1.0,1.0,1.0,1.0
PS00513,0.7152104939999999,3,1.0,0.0,0.0,0.0,0.0,0.0,0.0,1.0,1.0,0.0,1.0,0.0,0.0,0.0,0.0,0.0,0.0,0.0,0.0,0.0,0.0,0.0,0.0,0.0,0.0,0.0,0.0,0.0,0.0,0.0,1.0,0.0,0.0
PS00590,1.061250288,4,1.0,1.0,1.0,1.0,1.0,1.0,0.0,,1.0,1.0,1.0,0.0,1.0,0.0,1.0,1.0,1.0,1.0,1.0,0.0,1.0,1.0,1.0,1.0,1.0,0.0,0.0,0.0,1.0,1.0,1.0,1.0,1.0
PS00423,0.58849963,2,0.0,1.0,0.0,0.0,0.0,0.0,0.0,,0.0,0.0,1.0,0.0,0.0,0.0,0.0,,0.0,0.0,1.0,1.0,0.0,0.0,1.0,0.0,0.0,0.0,0.0,1.0,1.0,0.0,1.0,0.0,0.0
PS00462,0.850807847,4,1.0,1.0,0.0,1.0,1.0,1.0,0.0,,1.0,1.0,1.0,1.0,1.0,0.0,1.0,1.0,1.0,1.0,1.0,0.0,1.0,1.0,1.0,0.0,1.0,0.0,1.0,0.0,1.0,1.0,1.0,1.0,1.0
PS00118,1.080663094,2,1.0,1.0,0.0,0.0,0.0,0.0,0.0,1.0,1.0,0.0,1.0,0.0,0.0,0.0,0.0,0.0,0.0,1.0,1.0,1.0,0.0,1.0,1.0,0.0,0.0,0.0,0.0,1.0,1.0,0.0,1.0,0.0,0.0
PS00579,0.798948785,4,1.0,1.0,0.0,1.0,1.0,1.0,0.0,,1.0,1.0,1.0,1.0,1.0,1.0,1.0,1.0,1.0,1.0,1.0,0.0,1.0,1.0,1.0,0.0,1.0,0.0,1.0,0.0,1.0,0.0,1.0,1.0,1.0
PS00587,0.395685842,3,0.0,1.0,1.0,0.0,0.0,0.0,0.0,,0.0,0.0,1.0,1.0,0.0,0.0,0.0,,0.0,0.0,1.0,0.0,0.0,0.0,1.0,0.0,1.0,0.0,0.0,0.0,1.0,0.0,1.0,0.0,0.0
PS00197,0.612109671,4,1.0,1.0,1.0,1.0,1.0,1.0,0.0,,1.0,1.0,1.0,0.0,1.0,0.0,1.0,1.0,1.0,1.0,1.0,1.0,1.0,1.0,1.0,1.0,1.0,0.0,0.0,1.0,1.0,1.0,1.0,1.0,1.0
PS00459,1.22297016,4,1.0,1.0,0.0,1.0,1.0,1.0,0.0,,1.0,1.0,1.0,0.0,1.0,0.0,1.0,1.0,1.0,1.0,1.0,1.0,1.0,1.0,1.0,0.0,1.0,0.0,0.0,1.0,1.0,1.0,1.0,1.0,1.0
PS00597,1.075054198,4,1.0,1.0,0.0,1.0,1.0,1.0,0.0,,1.0,1.0,1.0,0.0,1.0,0.0,1.0,1.0,1.0,1.0,1.0,1.0,1.0,1.0,1.0,0.0,1.0,0.0,0.0,1.0,1.0,1.0,1.0,1.0,1.0
PS00425,0.797508769,4,1.0,1.0,0.0,1.0,1.0,1.0,0.0,,1.0,1.0,1.0,0.0,1.0,0.0,1.0,1.0,1.0,1.0,1.0,0.0,1.0,1.0,1.0,0.0,1.0,0.0,0.0,0.0,1.0,1.0,1.0,1.0,1.0
PS00528,0.6832919150000001,3,1.0,1.0,0.0,0.0,0.0,0.0,0.0,,1.0,0.0,1.0,0.0,0.0,0.0,0.0,,0.0,0.0,1.0,0.0,0.0,0.0,0.0,0.0,0.0,0.0,0.0,0.0,1.0,0.0,0.0,0.0,0.0
PS00143,0.981863365,4,1.0,1.0,1.0,1.0,1.0,1.0,0.0,,1.0,1.0,1.0,0.0,1.0,0.0,1.0,1.0,1.0,1.0,1.0,1.0,1.0,1.0,1.0,1.0,1.0,0.0,0.0,1.0,1.0,1.0,1.0,1.0,1.0
PS00189,1.133118419,4,1.0,1.0,0.0,1.0,1.0,1.0,1.0,,1.0,1.0,1.0,0.0,1.0,0.0,1.0,1.0,1.0,0.0,1.0,1.0,1.0,0.0,1.0,0.0,1.0,1.0,0.0,1.0,1.0,1.0,1.0,1.0,1.0
PS00422,0.96509568,4,1.0,1.0,0.0,1.0,1.0,1.0,0.0,,1.0,1.0,1.0,0.0,1.0,0.0,1.0,1.0,1.0,1.0,1.0,1.0,1.0,1.0,1.0,0.0,1.0,0.0,0.0,1.0,1.0,1.0,1.0,1.0,1.0
PS00039,1.1213878,4,1.0,1.0,1.0,1.0,1.0,1.0,0.0,,1.0,1.0,1.0,0.0,1.0,0.0,1.0,1.0,1.0,1.0,1.0,1.0,1.0,1.0,1.0,1.0,1.0,0.0,0.0,1.0,1.0,1.0,1.0,1.0,1.0
PS00129,0.431340767,3,0.0,0.0,0.0,0.0,0.0,0.0,0.0,0.0,1.0,0.0,1.0,0.0,0.0,0.0,0.0,1.0,0.0,1.0,0.0,1.0,0.0,1.0,0.0,0.0,0.0,0.0,0.0,1.0,1.0,0.0,1.0,0.0,0.0
PS00191,0.467404978,4,1.0,1.0,1.0,1.0,1.0,1.0,0.0,,1.0,1.0,1.0,0.0,1.0,0.0,1.0,1.0,1.0,1.0,1.0,1.0,1.0,1.0,1.0,1.0,1.0,0.0,0.0,1.0,1.0,1.0,1.0,1.0,1.0
PS00474,0.825422513,3,1.0,0.0,0.0,0.0,0.0,0.0,0.0,1.0,1.0,0.0,1.0,0.0,0.0,0.0,0.0,0.0,0.0,0.0,0.0,0.0,0.0,0.0,0.0,0.0,0.0,0.0,0.0,0.0,0.0,0.0,1.0,0.0,0.0
PS00569,0.819207447,4,1.0,1.0,0.0,0.0,1.0,1.0,0.0,,1.0,1.0,1.0,0.0,1.0,0.0,1.0,1.0,0.0,1.0,1.0,1.0,1.0,1.0,1.0,0.0,0.0,0.0,0.0,1.0,1.0,0.0,1.0,1.0,1.0
PS00122,0.420462397,4,1.0,1.0,0.0,1.0,1.0,1.0,0.0,,1.0,1.0,1.0,0.0,1.0,0.0,1.0,1.0,1.0,1.0,1.0,0.0,1.0,1.0,1.0,0.0,1.0,0.0,0.0,0.0,1.0,1.0,1.0,1.0,1.0
PS00090,0.794421418,4,1.0,1.0,1.0,1.0,1.0,1.0,0.0,,1.0,1.0,1.0,0.0,1.0,0.0,1.0,1.0,1.0,1.0,1.0,1.0,1.0,1.0,1.0,1.0,1.0,0.0,0.0,1.0,1.0,1.0,1.0,1.0,1.0
PS00555,0.86987541,4,1.0,1.0,0.0,1.0,1.0,1.0,0.0,,1.0,1.0,1.0,1.0,1.0,1.0,1.0,1.0,1.0,1.0,1.0,0.0,1.0,1.0,1.0,0.0,1.0,0.0,1.0,0.0,1.0,0.0,1.0,1.0,1.0
PS00517,0.574923853,2,1.0,0.0,0.0,1.0,0.0,0.0,0.0,,1.0,0.0,1.0,0.0,0.0,0.0,0.0,,0.0,1.0,1.0,0.0,0.0,1.0,0.0,0.0,1.0,0.0,0.0,0.0,1.0,0.0,1.0,0.0,0.0
PS00415,0.871082687,4,1.0,1.0,0.0,1.0,1.0,1.0,1.0,,1.0,1.0,0.0,0.0,1.0,0.0,1.0,1.0,1.0,,1.0,0.0,1.0,,1.0,0.0,1.0,0.0,0.0,1.0,1.0,1.0,1.0,1.0,1.0
PS00444,1.08135718,4,1.0,1.0,0.0,1.0,1.0,1.0,0.0,,1.0,1.0,1.0,0.0,1.0,0.0,1.0,1.0,1.0,1.0,1.0,0.0,1.0,1.0,1.0,0.0,1.0,0.0,0.0,0.0,1.0,1.0,1.0,1.0,1.0
PS00152,0.24920072599999998,4,1.0,1.0,1.0,1.0,1.0,1.0,0.0,,1.0,1.0,1.0,0.0,1.0,0.0,1.0,1.0,1.0,1.0,1.0,1.0,1.0,1.0,1.0,1.0,1.0,0.0,0.0,1.0,1.0,1.0,1.0,1.0,1.0
PS00452,0.799835305,2,1.0,0.0,0.0,0.0,0.0,0.0,0.0,1.0,1.0,0.0,1.0,0.0,0.0,0.0,0.0,0.0,0.0,0.0,1.0,0.0,0.0,0.0,0.0,0.0,0.0,0.0,0.0,0.0,1.0,0.0,1.0,0.0,0.0
PS00429,1.108711837,4,1.0,1.0,0.0,1.0,1.0,1.0,0.0,,1.0,1.0,1.0,0.0,1.0,0.0,1.0,1.0,1.0,1.0,1.0,1.0,1.0,1.0,1.0,0.0,1.0,0.0,0.0,1.0,1.0,1.0,1.0,1.0,1.0
PS00409,0.995777418,4,1.0,1.0,0.0,1.0,1.0,1.0,0.0,,1.0,1.0,1.0,1.0,1.0,1.0,1.0,1.0,1.0,1.0,1.0,0.0,1.0,1.0,1.0,0.0,1.0,0.0,1.0,0.0,1.0,0.0,1.0,1.0,1.0
PS00154,0.42024106699999997,2,1.0,1.0,0.0,1.0,1.0,1.0,0.0,,1.0,1.0,1.0,0.0,1.0,0.0,1.0,1.0,1.0,0.0,1.0,0.0,1.0,0.0,1.0,0.0,1.0,0.0,0.0,0.0,1.0,1.0,1.0,1.0,1.0
PS00908,0.20152925499999996,2,1.0,1.0,0.0,1.0,1.0,1.0,0.0,,1.0,1.0,1.0,0.0,1.0,0.0,1.0,1.0,1.0,0.0,1.0,0.0,1.0,0.0,1.0,0.0,1.0,0.0,0.0,0.0,1.0,1.0,1.0,1.0,1.0
PS00446,0.19284753799999999,3,1.0,1.0,0.0,0.0,0.0,0.0,0.0,,1.0,0.0,1.0,0.0,0.0,0.0,0.0,,0.0,0.0,1.0,0.0,0.0,0.0,0.0,0.0,0.0,0.0,0.0,0.0,1.0,0.0,0.0,0.0,0.0
PS00051,0.999667104,3,1.0,0.0,0.0,0.0,0.0,0.0,0.0,1.0,1.0,0.0,1.0,0.0,0.0,0.0,0.0,0.0,0.0,0.0,0.0,0.0,0.0,0.0,0.0,0.0,0.0,0.0,0.0,0.0,0.0,0.0,1.0,0.0,0.0
PS00170,0.215105781,4,1.0,1.0,0.0,1.0,0.0,1.0,0.0,,1.0,1.0,1.0,1.0,1.0,1.0,1.0,0.0,1.0,1.0,1.0,0.0,1.0,1.0,1.0,0.0,1.0,0.0,1.0,0.0,1.0,0.0,1.0,1.0,0.0
PS00087,0.25569233999999996,4,1.0,1.0,0.0,1.0,1.0,1.0,0.0,,1.0,1.0,1.0,0.0,1.0,0.0,1.0,1.0,1.0,1.0,1.0,0.0,1.0,1.0,1.0,0.0,1.0,0.0,0.0,0.0,1.0,1.0,1.0,1.0,1.0
PS00457,0.277336842,2,1.0,0.0,0.0,0.0,0.0,0.0,0.0,,1.0,0.0,1.0,0.0,0.0,0.0,0.0,,0.0,1.0,1.0,0.0,0.0,1.0,0.0,0.0,0.0,0.0,0.0,0.0,1.0,0.0,1.0,0.0,0.0
PS00434,0.07545759200000002,4,1.0,1.0,0.0,1.0,1.0,1.0,0.0,,1.0,1.0,1.0,0.0,1.0,0.0,1.0,1.0,1.0,1.0,1.0,1.0,1.0,1.0,1.0,0.0,1.0,0.0,0.0,1.0,1.0,1.0,1.0,1.0,1.0
PS00433,1.004747294,4,1.0,1.0,0.0,1.0,1.0,1.0,0.0,,1.0,1.0,1.0,0.0,1.0,0.0,1.0,1.0,1.0,0.0,1.0,1.0,1.0,0.0,1.0,0.0,1.0,0.0,0.0,1.0,1.0,1.0,1.0,1.0,1.0
PS00116,0.461305702,3,1.0,0.0,0.0,0.0,0.0,0.0,0.0,1.0,1.0,0.0,1.0,0.0,0.0,0.0,0.0,0.0,0.0,0.0,0.0,0.0,0.0,0.0,0.0,0.0,0.0,0.0,0.0,0.0,0.0,0.0,1.0,0.0,0.0
PS00196,0.756668148,4,1.0,1.0,0.0,1.0,1.0,1.0,0.0,,1.0,1.0,1.0,0.0,1.0,0.0,1.0,1.0,1.0,1.0,1.0,0.0,1.0,1.0,1.0,0.0,1.0,0.0,0.0,0.0,1.0,1.0,1.0,1.0,1.0
PS00023,1.102429602,4,1.0,1.0,1.0,1.0,1.0,1.0,0.0,,1.0,1.0,1.0,0.0,1.0,0.0,1.0,1.0,1.0,1.0,1.0,1.0,1.0,1.0,1.0,1.0,1.0,0.0,0.0,1.0,1.0,1.0,1.0,1.0,1.0
PS00797,0.875589784,4,1.0,1.0,0.0,1.0,1.0,1.0,0.0,,1.0,1.0,1.0,0.0,1.0,0.0,1.0,1.0,1.0,0.0,1.0,1.0,1.0,0.0,1.0,0.0,1.0,0.0,0.0,1.0,1.0,1.0,1.0,1.0,1.0
PS00424,0.887152902,4,1.0,1.0,0.0,1.0,1.0,1.0,0.0,,1.0,1.0,1.0,1.0,1.0,1.0,1.0,1.0,1.0,1.0,1.0,0.0,1.0,1.0,1.0,0.0,1.0,0.0,1.0,0.0,1.0,0.0,1.0,1.0,1.0
PS00042,0.024348943000000012,4,1.0,1.0,1.0,1.0,1.0,1.0,0.0,,1.0,1.0,1.0,0.0,1.0,0.0,1.0,1.0,1.0,1.0,1.0,1.0,1.0,1.0,1.0,1.0,1.0,0.0,0.0,1.0,1.0,1.0,1.0,1.0,1.0
PS00534,0.37586370700000005,3,1.0,1.0,0.0,0.0,0.0,0.0,0.0,,1.0,0.0,1.0,0.0,0.0,0.0,0.0,,0.0,0.0,1.0,0.0,0.0,0.0,0.0,0.0,0.0,0.0,0.0,0.0,1.0,0.0,0.0,0.0,0.0
PS00578,0.982021372,4,1.0,1.0,0.0,1.0,1.0,1.0,1.0,,1.0,1.0,1.0,0.0,1.0,0.0,1.0,1.0,1.0,0.0,1.0,1.0,1.0,0.0,1.0,0.0,1.0,1.0,0.0,1.0,1.0,1.0,1.0,1.0,1.0
PS00185,0.796299125,4,1.0,1.0,1.0,1.0,1.0,1.0,0.0,,1.0,1.0,1.0,0.0,1.0,0.0,1.0,1.0,1.0,1.0,1.0,1.0,1.0,1.0,1.0,1.0,1.0,0.0,0.0,1.0,1.0,1.0,1.0,1.0,1.0
PS00161,0.414999872,2,1.0,1.0,0.0,1.0,0.0,0.0,0.0,,1.0,0.0,1.0,0.0,0.0,0.0,0.0,,0.0,1.0,1.0,1.0,0.0,1.0,1.0,0.0,1.0,0.0,0.0,1.0,1.0,0.0,1.0,0.0,0.0
PS00132,0.257407724,4,1.0,1.0,0.0,1.0,1.0,1.0,0.0,,1.0,1.0,1.0,0.0,1.0,0.0,0.0,1.0,1.0,1.0,1.0,0.0,1.0,1.0,1.0,0.0,1.0,0.0,0.0,0.0,1.0,1.0,1.0,0.0,1.0
PS00493,1.031100526,4,1.0,1.0,0.0,1.0,1.0,1.0,0.0,,1.0,1.0,1.0,0.0,1.0,1.0,1.0,1.0,1.0,1.0,1.0,0.0,1.0,1.0,1.0,0.0,1.0,0.0,0.0,0.0,1.0,0.0,1.0,1.0,1.0
PS00082,0.333001859,2,1.0,0.0,0.0,0.0,0.0,0.0,0.0,,1.0,0.0,1.0,0.0,0.0,0.0,0.0,,0.0,0.0,1.0,0.0,0.0,0.0,0.0,0.0,0.0,0.0,0.0,0.0,1.0,0.0,1.0,0.0,0.0
PS00547,0.337829823,4,1.0,1.0,0.0,1.0,1.0,1.0,0.0,,1.0,1.0,1.0,0.0,1.0,0.0,1.0,1.0,1.0,1.0,1.0,1.0,1.0,1.0,1.0,0.0,1.0,0.0,0.0,1.0,1.0,1.0,1.0,1.0,1.0
PS00046,0.757760201,3,1.0,1.0,0.0,0.0,0.0,0.0,0.0,,1.0,0.0,1.0,0.0,0.0,0.0,0.0,,0.0,0.0,1.0,0.0,0.0,0.0,0.0,0.0,0.0,0.0,0.0,0.0,1.0,0.0,0.0,0.0,0.0
PS00431,1.144059711,4,1.0,1.0,0.0,1.0,1.0,1.0,0.0,,1.0,1.0,1.0,0.0,1.0,0.0,1.0,1.0,1.0,1.0,1.0,0.0,1.0,1.0,1.0,0.0,1.0,0.0,0.0,0.0,1.0,1.0,1.0,1.0,1.0
PS00100,0.27611571,4,1.0,0.0,0.0,0.0,0.0,0.0,0.0,1.0,1.0,0.0,1.0,0.0,0.0,0.0,0.0,0.0,0.0,0.0,0.0,0.0,0.0,0.0,0.0,0.0,0.0,0.0,0.0,0.0,0.0,0.0,1.0,0.0,0.0
PS00163,1.205992178,4,1.0,1.0,0.0,1.0,1.0,1.0,1.0,,1.0,1.0,1.0,0.0,1.0,0.0,1.0,1.0,1.0,0.0,1.0,1.0,1.0,0.0,1.0,0.0,1.0,1.0,0.0,1.0,1.0,1.0,1.0,1.0,1.0
PS00518,0.23434210600000005,2,1.0,0.0,0.0,1.0,0.0,0.0,0.0,,1.0,0.0,1.0,0.0,0.0,0.0,0.0,,0.0,1.0,1.0,0.0,0.0,1.0,0.0,0.0,1.0,0.0,0.0,0.0,1.0,0.0,1.0,0.0,0.0
PS00412,1.320120988,4,1.0,1.0,0.0,1.0,1.0,1.0,0.0,,1.0,1.0,1.0,1.0,1.0,1.0,1.0,1.0,1.0,1.0,1.0,0.0,1.0,1.0,1.0,0.0,1.0,0.0,1.0,0.0,1.0,0.0,1.0,1.0,1.0
PS00427,0.418467555,4,1.0,1.0,0.0,1.0,1.0,1.0,0.0,,1.0,1.0,1.0,1.0,1.0,1.0,1.0,1.0,1.0,1.0,1.0,0.0,1.0,1.0,1.0,0.0,1.0,0.0,1.0,0.0,1.0,0.0,1.0,1.0,1.0
PS00530,0.543252113,3,1.0,0.0,0.0,0.0,0.0,0.0,0.0,1.0,1.0,0.0,1.0,0.0,0.0,0.0,0.0,0.0,0.0,0.0,0.0,0.0,0.0,0.0,0.0,0.0,0.0,0.0,0.0,0.0,0.0,0.0,1.0,0.0,0.0
PS00445,0.935771762,3,1.0,1.0,0.0,0.0,0.0,0.0,0.0,,1.0,0.0,1.0,0.0,0.0,0.0,0.0,,0.0,0.0,1.0,0.0,0.0,0.0,0.0,0.0,0.0,0.0,0.0,0.0,1.0,0.0,0.0,0.0,0.0
PS00619,0.583515228,5,1.0,1.0,0.0,1.0,0.0,1.0,1.0,,1.0,1.0,0.0,0.0,1.0,0.0,1.0,1.0,1.0,0.0,1.0,0.0,1.0,0.0,1.0,0.0,1.0,1.0,0.0,0.0,1.0,1.0,1.0,1.0,0.0
PS00040,0.767883016,4,1.0,1.0,1.0,1.0,1.0,1.0,0.0,,1.0,1.0,1.0,0.0,1.0,0.0,1.0,1.0,1.0,1.0,1.0,1.0,1.0,1.0,1.0,1.0,1.0,0.0,0.0,1.0,1.0,1.0,1.0,1.0,1.0
PS00910,0.923887369,4,1.0,1.0,0.0,1.0,1.0,1.0,0.0,,1.0,1.0,1.0,1.0,1.0,0.0,1.0,1.0,1.0,1.0,1.0,0.0,1.0,1.0,1.0,0.0,1.0,0.0,1.0,0.0,1.0,1.0,1.0,1.0,1.0
PS00809,0.827269357,5,1.0,1.0,0.0,1.0,0.0,1.0,1.0,,1.0,1.0,0.0,0.0,1.0,0.0,1.0,1.0,1.0,0.0,1.0,0.0,1.0,0.0,1.0,0.0,1.0,1.0,0.0,0.0,1.0,1.0,1.0,1.0,0.0
PS00131,0.741801597,4,1.0,1.0,0.0,1.0,1.0,1.0,0.0,,1.0,1.0,1.0,0.0,1.0,0.0,1.0,1.0,1.0,1.0,1.0,1.0,1.0,1.0,1.0,0.0,1.0,0.0,0.0,1.0,1.0,1.0,1.0,1.0,1.0
PS00503,0.04420617199999999,3,1.0,0.0,0.0,0.0,0.0,0.0,0.0,1.0,1.0,0.0,1.0,0.0,0.0,0.0,0.0,0.0,0.0,0.0,0.0,0.0,0.0,0.0,0.0,0.0,0.0,0.0,0.0,0.0,0.0,0.0,1.0,0.0,0.0
PS00438,0.692074109,3,1.0,0.0,0.0,0.0,0.0,0.0,0.0,1.0,1.0,0.0,1.0,0.0,0.0,0.0,0.0,0.0,0.0,0.0,1.0,1.0,0.0,0.0,0.0,0.0,0.0,0.0,0.0,1.0,1.0,0.0,1.0,0.0,0.0
PS00113,1.272846331,2,1.0,1.0,0.0,0.0,0.0,0.0,0.0,1.0,1.0,0.0,1.0,0.0,0.0,0.0,0.0,0.0,0.0,1.0,1.0,1.0,0.0,1.0,1.0,0.0,0.0,0.0,0.0,1.0,1.0,0.0,1.0,0.0,0.0
PS00485,0.154833903,3,1.0,0.0,0.0,0.0,0.0,0.0,0.0,1.0,1.0,0.0,1.0,0.0,0.0,0.0,0.0,0.0,0.0,0.0,0.0,0.0,0.0,0.0,0.0,0.0,0.0,0.0,0.0,0.0,0.0,0.0,1.0,0.0,0.0
PS00453,0.56503068,3,1.0,1.0,0.0,0.0,0.0,0.0,0.0,,1.0,0.0,1.0,0.0,0.0,0.0,0.0,,0.0,0.0,1.0,0.0,0.0,0.0,0.0,0.0,0.0,0.0,0.0,0.0,1.0,0.0,0.0,0.0,0.0
PS00411,1.135348529,4,1.0,1.0,0.0,1.0,1.0,1.0,0.0,,1.0,1.0,1.0,1.0,1.0,1.0,1.0,1.0,1.0,1.0,1.0,0.0,1.0,1.0,1.0,0.0,1.0,0.0,1.0,0.0,1.0,0.0,1.0,1.0,1.0
PS00219,0.30654602,3,1.0,0.0,0.0,0.0,0.0,0.0,0.0,1.0,1.0,0.0,1.0,0.0,0.0,0.0,0.0,0.0,0.0,0.0,0.0,0.0,0.0,0.0,0.0,0.0,0.0,0.0,0.0,0.0,0.0,0.0,1.0,0.0,0.0
PS00047,0.776611318,2,1.0,0.0,0.0,0.0,0.0,0.0,0.0,,1.0,0.0,1.0,0.0,0.0,0.0,0.0,,0.0,1.0,1.0,0.0,0.0,1.0,0.0,0.0,0.0,0.0,0.0,0.0,1.0,0.0,1.0,0.0,0.0
PS00138,0.5940569529999999,2,1.0,0.0,0.0,1.0,1.0,0.0,0.0,,1.0,0.0,1.0,0.0,0.0,0.0,0.0,,0.0,1.0,1.0,0.0,0.0,1.0,0.0,0.0,1.0,0.0,0.0,0.0,1.0,0.0,1.0,0.0,1.0
PS00114,0.885430569,4,1.0,1.0,1.0,1.0,1.0,1.0,0.0,,1.0,1.0,1.0,0.0,1.0,0.0,1.0,1.0,1.0,1.0,1.0,1.0,1.0,1.0,1.0,1.0,1.0,0.0,0.0,1.0,1.0,1.0,1.0,1.0,1.0
PS00144,0.513511381,4,1.0,1.0,0.0,1.0,1.0,1.0,0.0,,1.0,1.0,1.0,0.0,1.0,0.0,1.0,1.0,1.0,1.0,1.0,0.0,1.0,1.0,1.0,0.0,1.0,0.0,0.0,0.0,1.0,1.0,1.0,1.0,1.0
PS00398,0.64920062,3,1.0,0.0,0.0,0.0,0.0,0.0,0.0,1.0,1.0,0.0,1.0,0.0,0.0,0.0,0.0,0.0,0.0,0.0,0.0,0.0,0.0,0.0,0.0,0.0,0.0,0.0,0.0,0.0,0.0,0.0,1.0,0.0,0.0
PS00524,0.274896845,3,1.0,0.0,0.0,0.0,0.0,0.0,0.0,,1.0,0.0,1.0,0.0,0.0,0.0,0.0,,0.0,0.0,1.0,0.0,0.0,0.0,0.0,0.0,0.0,0.0,0.0,0.0,1.0,0.0,1.0,0.0,0.0
PS00442,0.7971885519999999,3,1.0,0.0,0.0,0.0,0.0,0.0,0.0,1.0,1.0,0.0,1.0,0.0,0.0,0.0,0.0,0.0,0.0,0.0,1.0,0.0,0.0,0.0,0.0,0.0,0.0,0.0,0.0,0.0,1.0,0.0,1.0,0.0,0.0
PS00526,0.48762433699999996,4,1.0,1.0,0.0,1.0,1.0,1.0,0.0,,1.0,1.0,1.0,1.0,1.0,0.0,1.0,1.0,1.0,1.0,1.0,0.0,1.0,1.0,1.0,0.0,1.0,0.0,1.0,0.0,1.0,1.0,1.0,1.0,1.0
PS00208,0.928644283,4,1.0,1.0,0.0,1.0,0.0,0.0,0.0,1.0,1.0,1.0,1.0,0.0,0.0,0.0,0.0,0.0,1.0,0.0,1.0,0.0,1.0,0.0,1.0,0.0,1.0,0.0,0.0,0.0,1.0,1.0,1.0,0.0,0.0
PS00504,0.653969166,5,1.0,1.0,0.0,1.0,0.0,1.0,0.0,,0.0,1.0,0.0,1.0,1.0,0.0,1.0,1.0,1.0,0.0,1.0,0.0,1.0,0.0,1.0,0.0,1.0,0.0,1.0,0.0,1.0,1.0,1.0,1.0,0.0
PS00451,0.030151821000000023,4,1.0,1.0,1.0,1.0,1.0,1.0,0.0,,1.0,1.0,1.0,1.0,1.0,0.0,1.0,1.0,1.0,1.0,1.0,1.0,1.0,1.0,1.0,1.0,1.0,0.0,1.0,1.0,1.0,1.0,1.0,1.0,1.0
PS00086,0.09885030699999997,4,1.0,1.0,0.0,1.0,1.0,1.0,0.0,,1.0,1.0,1.0,1.0,1.0,0.0,1.0,1.0,1.0,1.0,1.0,0.0,1.0,1.0,1.0,0.0,1.0,0.0,1.0,0.0,1.0,1.0,1.0,1.0,1.0
PS00130,0.12302005400000005,2,1.0,1.0,0.0,0.0,0.0,0.0,0.0,1.0,1.0,0.0,1.0,0.0,0.0,0.0,0.0,0.0,0.0,1.0,1.0,1.0,0.0,1.0,1.0,0.0,0.0,0.0,0.0,1.0,1.0,0.0,1.0,0.0,0.0
PS00512,0.030088600999999993,4,1.0,1.0,0.0,1.0,1.0,1.0,0.0,,1.0,1.0,1.0,0.0,1.0,0.0,1.0,1.0,1.0,1.0,1.0,0.0,1.0,1.0,1.0,0.0,1.0,0.0,0.0,0.0,1.0,1.0,1.0,1.0,1.0
PS00525,0.384491928,3,1.0,0.0,0.0,0.0,0.0,0.0,0.0,,1.0,0.0,1.0,0.0,0.0,0.0,0.0,,0.0,0.0,1.0,0.0,0.0,0.0,0.0,0.0,0.0,0.0,0.0,0.0,1.0,0.0,1.0,0.0,0.0
PS00410,1.232354223,4,1.0,1.0,0.0,1.0,1.0,1.0,0.0,,1.0,1.0,1.0,1.0,1.0,1.0,1.0,1.0,1.0,1.0,1.0,0.0,1.0,1.0,1.0,0.0,1.0,0.0,1.0,0.0,1.0,0.0,1.0,1.0,1.0
PS00150,0.6963028179999999,2,1.0,1.0,0.0,1.0,1.0,1.0,0.0,,1.0,1.0,1.0,0.0,1.0,0.0,1.0,1.0,1.0,0.0,1.0,0.0,1.0,0.0,1.0,0.0,1.0,0.0,0.0,0.0,1.0,1.0,1.0,1.0,1.0
PS00511,0.918000856,4,1.0,1.0,0.0,1.0,1.0,1.0,0.0,,1.0,1.0,1.0,1.0,1.0,1.0,1.0,1.0,1.0,1.0,1.0,0.0,1.0,1.0,1.0,0.0,1.0,0.0,1.0,0.0,1.0,0.0,1.0,1.0,1.0
