gene,position,nuc,name,total_w,total_wo,avg_tox_w,avg_tox_wo,sd_tox_w,sd_tox_wo,median_tox_w,median_tox_wo,lr_p-val_tox,lr_p-val_phylo,lr_p-val_tox_bonf,lr_p-val_phylo_bonf
cytK2_prot,24,V,cytK2_prot_SNP_V_24,10,88,0.4975760351,0.6815669200568182,0.2901532202628734,0.3445858801038769,0.5022789075,0.7492348725,0.17782835896512927,0.0300183712484842,1.0,0.9906062511999786
cytK2_prot,29,V,cytK2_prot_SNP_V_29,49,49,0.7018796072653061,0.6237050726530612,0.35323727987585646,0.32984732240406983,0.794421418,0.64920062,0.11691716993453277,0.0468890400128353,1.0,1.0
cytK2_prot,30,V,cytK2_prot_SNP_V_30,6,92,0.5850943005,0.6678596034021741,0.24510830242592496,0.3488473083047025,0.6241612975,0.7266141684999999,0.7232116393854945,0.00523626145583979,1.0,0.1727966280427131
cytK2_prot,129,V,cytK2_prot_SNP_V_129,59,39,0.7431781215084745,0.5411830806923077,0.3507968221587486,0.29423874595131777,0.819207447,0.56503068,0.6626710552818151,0.04710878174289534,1.0,1.0
cytK2_prot,170,V,cytK2_prot_SNP_V_170,56,42,0.7509799634107143,0.5452088420238095,0.35487091471347815,0.2897647230133031,0.8350076470000001,0.5699772665,0.5832821889536042,0.47154419553829807,1.0,1.0
cytK2_prot,17,Y,cytK2_prot_SNP_Y_17,16,82,0.7397777058749999,0.6477708051463416,0.377938305490182,0.3348864536796462,0.8603416285000001,0.687683012,0.44126092709805154,0.05096449589123852,1.0,1.0
cytK2_prot,336,Y,cytK2_prot_SNP_Y_336,61,37,0.6259723665737705,0.7234955393243243,0.3236446437786228,0.36710722952270347,0.64920062,0.794421418,0.31398091626447666,0.06174863479057098,1.0,1.0
cytK2_prot,30,T,cytK2_prot_SNP_T_30,70,28,0.7185317532142858,0.5234438068214285,0.36016711124835327,0.250237821658917,0.796903947,0.5541413964999999,0.6347205352688201,0.05899388614779104,1.0,1.0
cytK2_prot,36,T,cytK2_prot_SNP_T_36,15,83,0.6999329658000002,0.6560801786626506,0.3605829248209769,0.34044991671566505,0.794421418,0.692074109,0.27824578096084496,0.06887954728870554,1.0,1.0
cytK2_prot,66,T,cytK2_prot_SNP_T_66,33,65,0.5613723321515152,0.7142824977692307,0.30523195078410975,0.35101340505118145,0.58849963,0.796299125,0.5390551329904176,0.014341131898345067,1.0,0.4732573526453872
cytK2_prot,327,T,cytK2_prot_SNP_T_327,6,92,0.8493588194999999,0.6506249608586956,0.2977165242404698,0.34326862902861044,0.9046453645,0.6941884635,0.6182143687510098,0.0062650338251980155,1.0,0.20674611623153452
cytK2_prot,106,S,cytK2_prot_SNP_S_106,37,61,0.5383807605405405,0.7382551012459018,0.2915724353860377,0.35132858815324775,0.56503068,0.819207447,0.5149390005142493,0.019874398370717045,1.0,0.6558551462336625
cytK2_prot,359,S,cytK2_prot_SNP_S_359,39,58,0.5991652503846153,0.701984859724138,0.29939512762653625,0.36692377995979397,0.64920062,0.785516368,0.7277291315261323,0.4049931157282649,1.0,1.0
cytK2_prot,24,F,cytK2_prot_SNP_F_24,87,11,0.6844430827356323,0.4915546470909092,0.3455087355666035,0.27730475437361457,0.756668148,0.461305702,0.15034806797361355,0.03927645182869785,1.0,1.0
cytK2_prot,336,F,cytK2_prot_SNP_F_336,36,62,0.7193958963333333,0.6299257588387097,0.3713346253731008,0.3225054946812912,0.781152217,0.651584893,0.34791155718329037,0.056738734296900906,1.0,1.0
cytK2_prot,29,L,cytK2_prot_SNP_L_29,38,60,0.5457709365,0.7369058954833334,0.2912009713441598,0.35408746293405485,0.5699772665,0.813109071,0.4920382099303362,0.02322572484019212,1.0,0.76644891972634
cytK2_prot,359,L,cytK2_prot_SNP_L_359,58,39,0.701984859724138,0.5991652503846153,0.36692377995979397,0.29939512762653625,0.785516368,0.64920062,0.7277291315261324,0.4049931157282649,1.0,1.0
cytK2_prot,29,I,cytK2_prot_SNP_I_29,11,87,0.8929320884545455,0.6336942108390806,0.31344458134785536,0.33661514373603957,0.918000856,0.653969166,0.411312369616989,0.0009408683187509283,1.0,0.031048654518780635
cytK2_prot,129,I,cytK2_prot_SNP_I_129,39,59,0.5411830806923077,0.7431781215084745,0.29423874595131777,0.3507968221587486,0.56503068,0.819207447,0.662671055281815,0.04710878174289527,1.0,1.0
cytK2_prot,375,I,cytK2_prot_SNP_I_375,19,60,0.6070956120526315,0.7386858646500001,0.3405121356504881,0.3491320287850825,0.649678769,0.809078116,0.6092548325386429,0.00823453417949188,1.0,0.27173962792323203
cytK2_prot,177,G,cytK2_prot_SNP_G_177,60,38,0.7350819482166668,0.5486508532368422,0.35337624456899586,0.29441438404585435,0.809078116,0.5699772665,0.44905140121483855,0.02017719190708072,1.0,0.6658473329336637
cytK2_prot,17,C,cytK2_prot_SNP_C_17,81,17,0.6508829651851852,0.7195370080000001,0.3357667007690776,0.37548653578396074,0.692074109,0.850807847,0.3769564757879692,0.07239689552432389,1.0,1.0
cytK2_prot,220,N,cytK2_prot_SNP_N_220,93,5,0.6629416829569892,0.6600145602,0.35056028231489716,0.1821523306249095,0.7152104939999999,0.653969166,0.07216542679843796,0.05549648097301641,1.0,1.0
cytK2_prot,64,D,cytK2_prot_SNP_D_64,93,5,0.6728734056021506,0.475284519,0.3449158535068988,0.2629708346133465,0.741801597,0.58849963,0.39499643006953145,0.01234580337214541,1.0,0.40741151128079856
cytK2_prot,106,D,cytK2_prot_SNP_D_106,61,37,0.7382551012459018,0.5383807605405405,0.35132858815324775,0.2915724353860377,0.819207447,0.56503068,0.5149390005142491,0.019874398370716997,1.0,0.6558551462336609
cytK2_prot,374,R,cytK2_prot_SNP_R_374,1,18,0.431340767,0.6288728248888887,0.0,0.3367185852995808,0.431340767,0.6708764389999999,0.43240251345836567,0.3247610287131676,1.0,1.0
cytK2_prot,22,A,cytK2_prot_SNP_A_22,93,5,0.6752672593548388,0.43075883919999997,0.34400256927292777,0.24732912030097162,0.741801597,0.431340767,0.5206559196898393,0.010564974404894765,1.0,0.34864415536152726
cytK2_prot,30,A,cytK2_prot_SNP_A_30,22,76,0.5066300358181818,0.7079972174736843,0.24898324546128195,0.3542837837081409,0.5022789075,0.781152217,0.5516944273908161,0.028640349653539374,1.0,0.9451315385667993
cytK2_prot,36,A,cytK2_prot_SNP_A_36,82,16,0.6592557193536586,0.6809175205625,0.3412955588695353,0.35681591918190475,0.6941884635,0.781152217,0.23241900041776464,0.09612082141236725,1.0,1.0
cytK2_prot,66,A,cytK2_prot_SNP_A_66,64,34,0.719260570515625,0.5564992000882354,0.3514609432819557,0.30200996017826054,0.796903947,0.576765155,0.6190173123714158,0.021532228011601446,1.0,0.7105635243828478
cytK2_prot,170,A,cytK2_prot_SNP_A_170,42,56,0.5452088420238095,0.7509799634107143,0.2897647230133031,0.35487091471347815,0.5699772665,0.8350076470000001,0.5832821889536044,0.47154419553829785,1.0,1.0
cytK2_prot,177,A,cytK2_prot_SNP_A_177,38,60,0.5486508532368422,0.7350819482166668,0.29441438404585435,0.35337624456899586,0.5699772665,0.809078116,0.4490514012148381,0.02017719190708068,1.0,0.6658473329336624
cytK2_prot,327,A,cytK2_prot_SNP_A_327,91,7,0.6482023484835165,0.8524622291428573,0.3443664777607399,0.27573674846911383,0.692074109,0.871082687,0.7029126152228597,0.0055483561091397085,1.0,0.18309575160161037
